logger=cleanup t=2025-04-29T00:07:16.296802141Z level=info msg="Completed cleanup jobs" duration=2.422107ms
logger=grafana.update.checker t=2025-04-29T00:07:16.574592737Z level=info msg="Update check succeeded" duration=17.624583ms
logger=plugins.update.checker t=2025-04-29T00:07:16.613069273Z level=info msg="Update check succeeded" duration=38.793408ms
logger=infra.usagestats t=2025-04-29T00:07:59.282604472Z level=info msg="Usage stats are ready to report"
logger=infra.usagestats t=2025-04-29T00:13:52.059957573Z level=info msg="Sent usage stats" duration=58.657284ms
logger=cleanup t=2025-04-29T00:17:16.296635013Z level=info msg="Completed cleanup jobs" duration=1.943248ms
logger=grafana.update.checker t=2025-04-29T00:17:16.571263524Z level=info msg="Update check succeeded" duration=14.056996ms
logger=plugins.update.checker t=2025-04-29T00:17:16.615638161Z level=info msg="Update check succeeded" duration=41.254019ms
logger=cleanup t=2025-04-29T00:27:16.297025569Z level=info msg="Completed cleanup jobs" duration=2.39231ms
logger=grafana.update.checker t=2025-04-29T00:27:16.575914121Z level=info msg="Update check succeeded" duration=18.760209ms
logger=plugins.update.checker t=2025-04-29T00:27:16.610369031Z level=info msg="Update check succeeded" duration=35.798242ms
logger=cleanup t=2025-04-29T00:37:16.296537984Z level=info msg="Completed cleanup jobs" duration=1.845223ms
logger=grafana.update.checker t=2025-04-29T00:37:16.573362693Z level=info msg="Update check succeeded" duration=15.678799ms
logger=plugins.update.checker t=2025-04-29T00:37:16.645589237Z level=info msg="Update check succeeded" duration=71.257814ms
logger=infra.usagestats t=2025-04-29T00:37:59.282846873Z level=info msg="Usage stats are ready to report"
logger=cleanup t=2025-04-29T00:47:16.296504944Z level=info msg="Completed cleanup jobs" duration=2.069389ms
logger=grafana.update.checker t=2025-04-29T00:47:16.584703067Z level=info msg="Update check succeeded" duration=27.757608ms
logger=plugins.update.checker t=2025-04-29T00:47:16.62752265Z level=info msg="Update check succeeded" duration=46.353932ms
logger=cleanup t=2025-04-29T00:57:16.296751832Z level=info msg="Completed cleanup jobs" duration=2.159325ms
logger=grafana.update.checker t=2025-04-29T00:57:16.580710621Z level=info msg="Update check succeeded" duration=22.95062ms
logger=plugins.update.checker t=2025-04-29T00:57:16.608773087Z level=info msg="Update check succeeded" duration=30.959641ms
logger=cleanup t=2025-04-29T01:07:16.29823272Z level=info msg="Completed cleanup jobs" duration=4.009237ms
logger=grafana.update.checker t=2025-04-29T01:07:16.576428617Z level=info msg="Update check succeeded" duration=18.623553ms
logger=plugins.update.checker t=2025-04-29T01:07:16.615049403Z level=info msg="Update check succeeded" duration=41.020432ms
logger=infra.usagestats t=2025-04-29T01:07:59.281878105Z level=info msg="Usage stats are ready to report"
logger=cleanup t=2025-04-29T01:17:16.296579858Z level=info msg="Completed cleanup jobs" duration=2.268945ms
logger=grafana.update.checker t=2025-04-29T01:17:16.581041183Z level=info msg="Update check succeeded" duration=23.074412ms
logger=plugins.update.checker t=2025-04-29T01:17:16.661937496Z level=info msg="Update check succeeded" duration=85.530884ms
logger=cleanup t=2025-04-29T01:27:16.296810173Z level=info msg="Completed cleanup jobs" duration=2.530205ms
logger=grafana.update.checker t=2025-04-29T01:27:16.572900487Z level=info msg="Update check succeeded" duration=15.277979ms
logger=plugins.update.checker t=2025-04-29T01:27:16.614539891Z level=info msg="Update check succeeded" duration=40.583099ms
logger=cleanup t=2025-04-29T01:37:16.352866164Z level=info msg="Completed cleanup jobs" duration=57.912ms
logger=grafana.update.checker t=2025-04-29T01:37:16.576415564Z level=info msg="Update check succeeded" duration=19.142961ms
logger=plugins.update.checker t=2025-04-29T01:37:16.611505863Z level=info msg="Update check succeeded" duration=37.845471ms
logger=infra.usagestats t=2025-04-29T01:37:59.282976376Z level=info msg="Usage stats are ready to report"
logger=context userId=0 orgId=0 uname= t=2025-04-29T01:47:08.908464244Z level=info msg="Request Completed" method=GET path=/ status=302 remote_addr=167.94.138.121 time_ms=1 duration=1.431989ms size=29 referer= handler=/
logger=context userId=0 orgId=0 uname= t=2025-04-29T01:47:12.463354308Z level=info msg="Request Completed" method=PRI path=* status=302 remote_addr=167.94.138.121 time_ms=0 duration=232.351µs size=0 referer= handler=notfound
logger=cleanup t=2025-04-29T01:47:16.296946448Z level=info msg="Completed cleanup jobs" duration=2.932315ms
logger=grafana.update.checker t=2025-04-29T01:47:16.602937613Z level=info msg="Update check succeeded" duration=44.943886ms
logger=plugins.update.checker t=2025-04-29T01:47:16.616304168Z level=info msg="Update check succeeded" duration=41.800565ms
logger=http.server t=2025-04-29T01:47:20.533184609Z level=error msg="Failed to parse user ID" error="identifier is not initialized"
logger=context userId=0 orgId=0 uname= t=2025-04-29T01:47:30.669301216Z level=info msg="Request Completed" method=GET path=/favicon.ico status=302 remote_addr=167.94.138.121 time_ms=0 duration=117.014µs size=29 referer= handler=public-assets
logger=http.server t=2025-04-29T01:47:32.303498845Z level=error msg="Failed to parse user ID" error="identifier is not initialized"
logger=context userId=0 orgId=0 uname= t=2025-04-29T01:47:34.939383492Z level=info msg="Request Completed" method=PRI path=* status=302 remote_addr=167.94.138.121 time_ms=0 duration=114.823µs size=0 referer= handler=notfound
logger=context userId=0 orgId=0 uname= t=2025-04-29T01:47:43.640236186Z level=info msg="Request Completed" method=GET path=/ status=302 remote_addr=167.94.138.121 time_ms=0 duration=133.751µs size=29 referer= handler=/
logger=cleanup t=2025-04-29T01:57:16.29768973Z level=info msg="Completed cleanup jobs" duration=2.823601ms
logger=grafana.update.checker t=2025-04-29T01:57:16.593923163Z level=info msg="Update check succeeded" duration=36.941229ms
logger=plugins.update.checker t=2025-04-29T01:57:16.6123648Z level=info msg="Update check succeeded" duration=37.722828ms
logger=cleanup t=2025-04-29T02:07:16.296309524Z level=info msg="Completed cleanup jobs" duration=2.257564ms
logger=plugins.update.checker t=2025-04-29T02:07:16.610612669Z level=info msg="Update check succeeded" duration=36.248775ms
logger=grafana.update.checker t=2025-04-29T02:07:16.691408691Z level=info msg="Update check succeeded" duration=133.670294ms
logger=infra.usagestats t=2025-04-29T02:07:59.283162694Z level=info msg="Usage stats are ready to report"
logger=cleanup t=2025-04-29T02:17:16.296722167Z level=info msg="Completed cleanup jobs" duration=2.289611ms
logger=plugins.update.checker t=2025-04-29T02:17:16.608225905Z level=info msg="Update check succeeded" duration=34.167638ms
logger=grafana.update.checker t=2025-04-29T02:17:16.609687869Z level=info msg="Update check succeeded" duration=52.144807ms
logger=cleanup t=2025-04-29T02:27:16.297100012Z level=info msg="Completed cleanup jobs" duration=2.17918ms
logger=grafana.update.checker t=2025-04-29T02:27:16.574710935Z level=info msg="Update check succeeded" duration=17.398613ms
logger=plugins.update.checker t=2025-04-29T02:27:16.610398115Z level=info msg="Update check succeeded" duration=35.535219ms
logger=cleanup t=2025-04-29T02:37:16.297189967Z level=info msg="Completed cleanup jobs" duration=2.469387ms
logger=grafana.update.checker t=2025-04-29T02:37:16.592577082Z level=info msg="Update check succeeded" duration=35.464353ms
logger=plugins.update.checker t=2025-04-29T02:37:16.608653553Z level=info msg="Update check succeeded" duration=34.007132ms
logger=infra.usagestats t=2025-04-29T02:37:59.282079681Z level=info msg="Usage stats are ready to report"
logger=cleanup t=2025-04-29T02:47:16.297134227Z level=info msg="Completed cleanup jobs" duration=2.707032ms
logger=grafana.update.checker t=2025-04-29T02:47:16.591762313Z level=info msg="Update check succeeded" duration=33.950479ms
logger=plugins.update.checker t=2025-04-29T02:47:16.609360402Z level=info msg="Update check succeeded" duration=32.772939ms
logger=context userId=0 orgId=0 uname= t=2025-04-29T02:53:21.381418926Z level=info msg="Request Completed" method=GET path=/ status=302 remote_addr=198.235.24.154 time_ms=0 duration=372.31µs size=29 referer= handler=/
logger=cleanup t=2025-04-29T02:57:16.297269739Z level=info msg="Completed cleanup jobs" duration=2.647413ms
logger=grafana.update.checker t=2025-04-29T02:57:16.576779925Z level=info msg="Update check succeeded" duration=19.000763ms
logger=plugins.update.checker t=2025-04-29T02:57:16.612765042Z level=info msg="Update check succeeded" duration=38.117788ms
logger=cleanup t=2025-04-29T03:07:16.297236372Z level=info msg="Completed cleanup jobs" duration=2.280729ms
logger=plugins.update.checker t=2025-04-29T03:07:16.609721724Z level=info msg="Update check succeeded" duration=35.510657ms
logger=grafana.update.checker t=2025-04-29T03:07:17.01583897Z level=info msg="Update check succeeded" duration=458.13096ms
logger=infra.usagestats t=2025-04-29T03:07:59.282948721Z level=info msg="Usage stats are ready to report"
logger=cleanup t=2025-04-29T03:17:16.297788013Z level=info msg="Completed cleanup jobs" duration=2.766226ms
logger=grafana.update.checker t=2025-04-29T03:17:16.58492169Z level=info msg="Update check succeeded" duration=27.942827ms
logger=plugins.update.checker t=2025-04-29T03:17:16.605493675Z level=info msg="Update check succeeded" duration=31.46663ms
logger=cleanup t=2025-04-29T03:27:16.296881528Z level=info msg="Completed cleanup jobs" duration=2.648363ms
logger=grafana.update.checker t=2025-04-29T03:27:16.577378993Z level=info msg="Update check succeeded" duration=20.086336ms
logger=plugins.update.checker t=2025-04-29T03:27:16.609133507Z level=info msg="Update check succeeded" duration=34.980725ms
logger=cleanup t=2025-04-29T03:37:16.298651715Z level=info msg="Completed cleanup jobs" duration=3.543183ms
logger=grafana.update.checker t=2025-04-29T03:37:16.577276951Z level=info msg="Update check succeeded" duration=19.293984ms
logger=plugins.update.checker t=2025-04-29T03:37:16.613490655Z level=info msg="Update check succeeded" duration=39.732063ms
logger=infra.usagestats t=2025-04-29T03:37:59.283884002Z level=info msg="Usage stats are ready to report"
logger=cleanup t=2025-04-29T03:47:16.296291427Z level=info msg="Completed cleanup jobs" duration=2.040447ms
logger=grafana.update.checker t=2025-04-29T03:47:16.573691221Z level=info msg="Update check succeeded" duration=16.39434ms
logger=plugins.update.checker t=2025-04-29T03:47:16.616945786Z level=info msg="Update check succeeded" duration=43.228308ms
logger=cleanup t=2025-04-29T03:57:16.296519386Z level=info msg="Completed cleanup jobs" duration=2.44226ms
logger=grafana.update.checker t=2025-04-29T03:57:16.588265798Z level=info msg="Update check succeeded" duration=30.937629ms
logger=plugins.update.checker t=2025-04-29T03:57:16.612690678Z level=info msg="Update check succeeded" duration=34.747399ms
logger=cleanup t=2025-04-29T04:07:16.297674993Z level=info msg="Completed cleanup jobs" duration=2.713049ms
logger=grafana.update.checker t=2025-04-29T04:07:16.571105096Z level=info msg="Update check succeeded" duration=13.957288ms
logger=plugins.update.checker t=2025-04-29T04:07:16.610803043Z level=info msg="Update check succeeded" duration=36.601638ms
logger=infra.usagestats t=2025-04-29T04:07:59.282305777Z level=info msg="Usage stats are ready to report"
logger=cleanup t=2025-04-29T04:17:16.296518877Z level=info msg="Completed cleanup jobs" duration=1.734637ms
logger=grafana.update.checker t=2025-04-29T04:17:16.576292219Z level=info msg="Update check succeeded" duration=18.41014ms
logger=plugins.update.checker t=2025-04-29T04:17:16.609220385Z level=info msg="Update check succeeded" duration=35.352944ms
logger=cleanup t=2025-04-29T04:27:16.296751593Z level=info msg="Completed cleanup jobs" duration=1.777632ms
logger=grafana.update.checker t=2025-04-29T04:27:16.571529849Z level=info msg="Update check succeeded" duration=14.479636ms
logger=plugins.update.checker t=2025-04-29T04:27:16.609245784Z level=info msg="Update check succeeded" duration=34.458087ms
logger=context userId=0 orgId=0 uname= t=2025-04-29T04:27:45.437810089Z level=info msg="Request Completed" method=GET path=/ status=302 remote_addr=65.49.20.67 time_ms=1 duration=1.503784ms size=29 referer= handler=/
logger=context userId=0 orgId=0 uname= t=2025-04-29T04:27:52.463887674Z level=info msg="Request Completed" method=GET path=/ status=302 remote_addr=65.49.20.67 time_ms=0 duration=117.954µs size=29 referer= handler=/
logger=http.server t=2025-04-29T04:27:52.51381175Z level=error msg="Failed to parse user ID" error="identifier is not initialized"
logger=context userId=0 orgId=0 uname= t=2025-04-29T04:28:02.125546704Z level=info msg="Request Completed" method=GET path=/favicon.ico status=302 remote_addr=65.49.20.67 time_ms=0 duration=266.165µs size=29 referer= handler=public-assets
logger=cleanup t=2025-04-29T04:37:16.306286005Z level=info msg="Completed cleanup jobs" duration=10.611672ms
logger=grafana.update.checker t=2025-04-29T04:37:16.582770213Z level=info msg="Update check succeeded" duration=25.597056ms
logger=plugins.update.checker t=2025-04-29T04:37:16.621259699Z level=info msg="Update check succeeded" duration=46.697047ms
logger=infra.usagestats t=2025-04-29T04:37:59.282226051Z level=info msg="Usage stats are ready to report"
logger=cleanup t=2025-04-29T04:47:16.296097285Z level=info msg="Completed cleanup jobs" duration=1.67083ms
logger=grafana.update.checker t=2025-04-29T04:47:16.573929422Z level=info msg="Update check succeeded" duration=16.93321ms
logger=plugins.update.checker t=2025-04-29T04:47:16.605603001Z level=info msg="Update check succeeded" duration=31.874842ms
logger=cleanup t=2025-04-29T04:57:16.296095736Z level=info msg="Completed cleanup jobs" duration=2.070631ms
logger=grafana.update.checker t=2025-04-29T04:57:16.575397249Z level=info msg="Update check succeeded" duration=18.410312ms
logger=plugins.update.checker t=2025-04-29T04:57:16.614791315Z level=info msg="Update check succeeded" duration=40.105778ms
logger=cleanup t=2025-04-29T05:07:16.297261585Z level=info msg="Completed cleanup jobs" duration=2.346378ms
logger=grafana.update.checker t=2025-04-29T05:07:16.585982802Z level=info msg="Update check succeeded" duration=28.391754ms
logger=plugins.update.checker t=2025-04-29T05:07:16.607690096Z level=info msg="Update check succeeded" duration=30.78069ms
logger=infra.usagestats t=2025-04-29T05:07:59.2840141Z level=info msg="Usage stats are ready to report"
logger=cleanup t=2025-04-29T05:17:16.297009628Z level=info msg="Completed cleanup jobs" duration=2.576635ms
logger=grafana.update.checker t=2025-04-29T05:17:16.582685315Z level=info msg="Update check succeeded" duration=24.7428ms
logger=plugins.update.checker t=2025-04-29T05:17:16.618535337Z level=info msg="Update check succeeded" duration=39.53897ms
logger=cleanup t=2025-04-29T05:27:16.296569629Z level=info msg="Completed cleanup jobs" duration=2.180582ms
logger=grafana.update.checker t=2025-04-29T05:27:16.579675657Z level=info msg="Update check succeeded" duration=22.137572ms
logger=plugins.update.checker t=2025-04-29T05:27:16.604058526Z level=info msg="Update check succeeded" duration=29.512716ms
logger=cleanup t=2025-04-29T05:37:16.297456001Z level=info msg="Completed cleanup jobs" duration=2.951776ms
logger=grafana.update.checker t=2025-04-29T05:37:16.574211742Z level=info msg="Update check succeeded" duration=16.728146ms
logger=plugins.update.checker t=2025-04-29T05:37:16.608978643Z level=info msg="Update check succeeded" duration=34.967312ms
logger=infra.usagestats t=2025-04-29T05:37:59.282763922Z level=info msg="Usage stats are ready to report"
logger=cleanup t=2025-04-29T05:47:16.296551848Z level=info msg="Completed cleanup jobs" duration=1.790938ms
logger=grafana.update.checker t=2025-04-29T05:47:16.578829674Z level=info msg="Update check succeeded" duration=20.896291ms
logger=plugins.update.checker t=2025-04-29T05:47:16.608680396Z level=info msg="Update check succeeded" duration=34.338562ms
logger=cleanup t=2025-04-29T05:57:16.296779336Z level=info msg="Completed cleanup jobs" duration=2.387184ms
logger=grafana.update.checker t=2025-04-29T05:57:16.575844263Z level=info msg="Update check succeeded" duration=18.935434ms
logger=plugins.update.checker t=2025-04-29T05:57:16.614376216Z level=info msg="Update check succeeded" duration=40.201106ms
logger=cleanup t=2025-04-29T06:07:16.297181349Z level=info msg="Completed cleanup jobs" duration=2.250503ms
logger=grafana.update.checker t=2025-04-29T06:07:16.571698021Z level=info msg="Update check succeeded" duration=14.593971ms
logger=plugins.update.checker t=2025-04-29T06:07:16.604874737Z level=info msg="Update check succeeded" duration=31.132802ms
logger=infra.usagestats t=2025-04-29T06:07:59.283461934Z level=info msg="Usage stats are ready to report"
logger=cleanup t=2025-04-29T06:17:16.297026134Z level=info msg="Completed cleanup jobs" duration=2.216917ms
logger=grafana.update.checker t=2025-04-29T06:17:16.578889658Z level=info msg="Update check succeeded" duration=20.938777ms
logger=plugins.update.checker t=2025-04-29T06:17:16.611519538Z level=info msg="Update check succeeded" duration=36.838098ms
logger=cleanup t=2025-04-29T06:27:16.298438167Z level=info msg="Completed cleanup jobs" duration=3.39007ms
logger=grafana.update.checker t=2025-04-29T06:27:16.571023658Z level=info msg="Update check succeeded" duration=13.959635ms
logger=plugins.update.checker t=2025-04-29T06:27:16.60465326Z level=info msg="Update check succeeded" duration=30.514077ms
logger=cleanup t=2025-04-29T06:37:16.298853098Z level=info msg="Completed cleanup jobs" duration=4.448126ms
logger=grafana.update.checker t=2025-04-29T06:37:16.577489147Z level=info msg="Update check succeeded" duration=19.748358ms
logger=plugins.update.checker t=2025-04-29T06:37:16.6061754Z level=info msg="Update check succeeded" duration=32.242663ms
logger=infra.usagestats t=2025-04-29T06:37:59.283981804Z level=info msg="Usage stats are ready to report"
logger=cleanup t=2025-04-29T06:47:16.297388528Z level=info msg="Completed cleanup jobs" duration=2.289414ms
logger=grafana.update.checker t=2025-04-29T06:47:16.571740367Z level=info msg="Update check succeeded" duration=14.237559ms
logger=plugins.update.checker t=2025-04-29T06:47:16.604601501Z level=info msg="Update check succeeded" duration=30.923936ms
logger=cleanup t=2025-04-29T06:57:16.298246975Z level=info msg="Completed cleanup jobs" duration=3.289005ms
logger=grafana.update.checker t=2025-04-29T06:57:16.570994926Z level=info msg="Update check succeeded" duration=13.941924ms
logger=plugins.update.checker t=2025-04-29T06:57:16.610033Z level=info msg="Update check succeeded" duration=35.959506ms
logger=cleanup t=2025-04-29T07:07:16.297241193Z level=info msg="Completed cleanup jobs" duration=2.477497ms
logger=grafana.update.checker t=2025-04-29T07:07:16.570230263Z level=info msg="Update check succeeded" duration=13.047898ms
logger=plugins.update.checker t=2025-04-29T07:07:16.605747472Z level=info msg="Update check succeeded" duration=31.438369ms
logger=infra.usagestats t=2025-04-29T07:07:59.283102913Z level=info msg="Usage stats are ready to report"
logger=cleanup t=2025-04-29T07:17:16.297576662Z level=info msg="Completed cleanup jobs" duration=2.919449ms
logger=grafana.update.checker t=2025-04-29T07:17:16.573729234Z level=info msg="Update check succeeded" duration=16.176225ms
logger=plugins.update.checker t=2025-04-29T07:17:16.608714073Z level=info msg="Update check succeeded" duration=34.888365ms
logger=context userId=0 orgId=0 uname= t=2025-04-29T07:18:19.196262979Z level=info msg="Request Completed" method=GET path=/ status=302 remote_addr=93.123.109.31 time_ms=1 duration=1.298905ms size=29 referer= handler=/
logger=http.server t=2025-04-29T07:18:19.820148568Z level=error msg="Failed to parse user ID" error="identifier is not initialized"
logger=cleanup t=2025-04-29T07:27:16.296157565Z level=info msg="Completed cleanup jobs" duration=1.842373ms
logger=grafana.update.checker t=2025-04-29T07:27:16.57539313Z level=info msg="Update check succeeded" duration=18.098921ms
logger=plugins.update.checker t=2025-04-29T07:27:16.60766878Z level=info msg="Update check succeeded" duration=33.91513ms
logger=cleanup t=2025-04-29T07:37:16.296658349Z level=info msg="Completed cleanup jobs" duration=1.829298ms
logger=grafana.update.checker t=2025-04-29T07:37:16.57029979Z level=info msg="Update check succeeded" duration=12.876153ms
logger=plugins.update.checker t=2025-04-29T07:37:16.609949175Z level=info msg="Update check succeeded" duration=35.523675ms
logger=infra.usagestats t=2025-04-29T07:37:59.282527755Z level=info msg="Usage stats are ready to report"
logger=cleanup t=2025-04-29T07:47:16.29667228Z level=info msg="Completed cleanup jobs" duration=1.834261ms
logger=grafana.update.checker t=2025-04-29T07:47:16.578268856Z level=info msg="Update check succeeded" duration=21.371863ms
logger=plugins.update.checker t=2025-04-29T07:47:16.604067057Z level=info msg="Update check succeeded" duration=28.745711ms
logger=context userId=0 orgId=0 uname= t=2025-04-29T07:54:14.575387232Z level=info msg="Request Completed" method=GET path=/ status=302 remote_addr=195.178.110.224 time_ms=0 duration=145.101µs size=29 referer= handler=/
logger=cleanup t=2025-04-29T07:57:16.296643639Z level=info msg="Completed cleanup jobs" duration=2.25273ms
logger=grafana.update.checker t=2025-04-29T07:57:16.570636025Z level=info msg="Update check succeeded" duration=12.998302ms
logger=plugins.update.checker t=2025-04-29T07:57:16.611302196Z level=info msg="Update check succeeded" duration=37.569317ms
logger=context userId=0 orgId=0 uname= t=2025-04-29T08:02:41.030988704Z level=info msg="Request Completed" method=GET path=/ status=302 remote_addr=64.225.9.77 time_ms=0 duration=140.011µs size=29 referer= handler=/
logger=http.server t=2025-04-29T08:02:41.111854482Z level=error msg="Failed to parse user ID" error="identifier is not initialized"
logger=cleanup t=2025-04-29T08:07:16.296209936Z level=info msg="Completed cleanup jobs" duration=2.228908ms
logger=grafana.update.checker t=2025-04-29T08:07:16.571954711Z level=info msg="Update check succeeded" duration=14.151242ms
logger=plugins.update.checker t=2025-04-29T08:07:16.60565817Z level=info msg="Update check succeeded" duration=31.631071ms
logger=infra.usagestats t=2025-04-29T08:07:59.283148624Z level=info msg="Usage stats are ready to report"
logger=context userId=0 orgId=0 uname= t=2025-04-29T08:13:23.6083844Z level=info msg="Request Completed" method=GET path=/ status=302 remote_addr=198.235.24.150 time_ms=0 duration=133.712µs size=29 referer= handler=/
logger=cleanup t=2025-04-29T08:17:16.298166799Z level=info msg="Completed cleanup jobs" duration=3.693905ms
logger=grafana.update.checker t=2025-04-29T08:17:16.572049172Z level=info msg="Update check succeeded" duration=14.168508ms
logger=plugins.update.checker t=2025-04-29T08:17:16.610205163Z level=info msg="Update check succeeded" duration=36.066882ms
logger=cleanup t=2025-04-29T08:27:16.296855262Z level=info msg="Completed cleanup jobs" duration=2.065009ms
logger=plugins.update.checker t=2025-04-29T08:27:16.606446587Z level=info msg="Update check succeeded" duration=32.245678ms
logger=grafana.update.checker t=2025-04-29T08:27:16.947499304Z level=info msg="Update check succeeded" duration=389.531542ms
logger=cleanup t=2025-04-29T08:37:16.295999419Z level=info msg="Completed cleanup jobs" duration=1.669994ms
logger=grafana.update.checker t=2025-04-29T08:37:16.577543802Z level=info msg="Update check succeeded" duration=20.070054ms
logger=plugins.update.checker t=2025-04-29T08:37:16.612589535Z level=info msg="Update check succeeded" duration=37.662361ms
logger=infra.usagestats t=2025-04-29T08:37:59.284180886Z level=info msg="Usage stats are ready to report"
logger=context userId=0 orgId=0 uname= t=2025-04-29T08:40:52.617589114Z level=info msg= error="[auth.unauthorized] cannot authenticate request" remote_addr=35.232.4.14 traceID=
logger=context userId=0 orgId=0 uname= t=2025-04-29T08:40:52.617841079Z level=info msg="Request Completed" method=GET path=/api/sessions status=401 remote_addr=35.232.4.14 time_ms=0 duration=540.735µs size=102 referer= handler=notfound
logger=cleanup t=2025-04-29T08:47:16.296720065Z level=info msg="Completed cleanup jobs" duration=1.950052ms
logger=grafana.update.checker t=2025-04-29T08:47:16.570779028Z level=info msg="Update check succeeded" duration=12.871903ms
logger=plugins.update.checker t=2025-04-29T08:47:16.604008082Z level=info msg="Update check succeeded" duration=30.265531ms
logger=cleanup t=2025-04-29T08:57:16.296487543Z level=info msg="Completed cleanup jobs" duration=1.50737ms
logger=grafana.update.checker t=2025-04-29T08:57:16.578181005Z level=info msg="Update check succeeded" duration=20.975789ms
logger=plugins.update.checker t=2025-04-29T08:57:16.608371918Z level=info msg="Update check succeeded" duration=32.712138ms
logger=cleanup t=2025-04-29T09:07:16.298322918Z level=info msg="Completed cleanup jobs" duration=3.856306ms
logger=grafana.update.checker t=2025-04-29T09:07:16.569953824Z level=info msg="Update check succeeded" duration=12.874632ms
logger=plugins.update.checker t=2025-04-29T09:07:16.604316571Z level=info msg="Update check succeeded" duration=30.271195ms
logger=infra.usagestats t=2025-04-29T09:07:59.283490208Z level=info msg="Usage stats are ready to report"
logger=cleanup t=2025-04-29T09:17:16.29603425Z level=info msg="Completed cleanup jobs" duration=1.830677ms
logger=grafana.update.checker t=2025-04-29T09:17:16.575208895Z level=info msg="Update check succeeded" duration=17.029296ms
logger=plugins.update.checker t=2025-04-29T09:17:16.606256024Z level=info msg="Update check succeeded" duration=32.336007ms
logger=cleanup t=2025-04-29T09:27:16.296222014Z level=info msg="Completed cleanup jobs" duration=1.944083ms
logger=grafana.update.checker t=2025-04-29T09:27:16.574537066Z level=info msg="Update check succeeded" duration=17.573121ms
logger=plugins.update.checker t=2025-04-29T09:27:16.604426418Z level=info msg="Update check succeeded" duration=30.685288ms
logger=cleanup t=2025-04-29T09:37:16.296986665Z level=info msg="Completed cleanup jobs" duration=1.997555ms
logger=grafana.update.checker t=2025-04-29T09:37:16.572187684Z level=info msg="Update check succeeded" duration=14.564317ms
logger=plugins.update.checker t=2025-04-29T09:37:16.614286393Z level=info msg="Update check succeeded" duration=40.133352ms
logger=infra.usagestats t=2025-04-29T09:37:59.286560516Z level=info msg="Usage stats are ready to report"
logger=cleanup t=2025-04-29T09:47:16.296834494Z level=info msg="Completed cleanup jobs" duration=2.301479ms
logger=grafana.update.checker t=2025-04-29T09:47:16.578131248Z level=info msg="Update check succeeded" duration=20.198266ms
logger=plugins.update.checker t=2025-04-29T09:47:16.607784875Z level=info msg="Update check succeeded" duration=32.214696ms
logger=cleanup t=2025-04-29T09:57:16.295796663Z level=info msg="Completed cleanup jobs" duration=1.772506ms
logger=grafana.update.checker t=2025-04-29T09:57:16.569267457Z level=info msg="Update check succeeded" duration=12.202622ms
logger=plugins.update.checker t=2025-04-29T09:57:16.611055959Z level=info msg="Update check succeeded" duration=36.76142ms
logger=cleanup t=2025-04-29T10:07:16.296102839Z level=info msg="Completed cleanup jobs" duration=2.031787ms
logger=grafana.update.checker t=2025-04-29T10:07:16.576207449Z level=info msg="Update check succeeded" duration=18.632712ms
logger=plugins.update.checker t=2025-04-29T10:07:16.60657719Z level=info msg="Update check succeeded" duration=32.78393ms
logger=infra.usagestats t=2025-04-29T10:07:59.282074268Z level=info msg="Usage stats are ready to report"
logger=cleanup t=2025-04-29T10:17:16.296485974Z level=info msg="Completed cleanup jobs" duration=1.786385ms
logger=grafana.update.checker t=2025-04-29T10:17:16.570334418Z level=info msg="Update check succeeded" duration=12.328856ms
logger=plugins.update.checker t=2025-04-29T10:17:16.614376806Z level=info msg="Update check succeeded" duration=39.955569ms
logger=cleanup t=2025-04-29T10:27:16.299059275Z level=info msg="Completed cleanup jobs" duration=4.349468ms
logger=grafana.update.checker t=2025-04-29T10:27:16.570082043Z level=info msg="Update check succeeded" duration=12.805779ms
logger=plugins.update.checker t=2025-04-29T10:27:16.606276428Z level=info msg="Update check succeeded" duration=32.070796ms
logger=cleanup t=2025-04-29T10:37:16.299414033Z level=info msg="Completed cleanup jobs" duration=5.217313ms
logger=grafana.update.checker t=2025-04-29T10:37:16.575511192Z level=info msg="Update check succeeded" duration=17.857143ms
logger=plugins.update.checker t=2025-04-29T10:37:16.615344624Z level=info msg="Update check succeeded" duration=41.237921ms
logger=infra.usagestats t=2025-04-29T10:37:59.282649506Z level=info msg="Usage stats are ready to report"
logger=context userId=0 orgId=0 uname= t=2025-04-29T10:38:11.688232442Z level=info msg= error="[auth.unauthorized] cannot authenticate request" remote_addr=94.102.49.155 traceID=
logger=context userId=0 orgId=0 uname= t=2025-04-29T10:38:11.688451961Z level=info msg="Request Completed" method=GET path=/api/v1/users/search status=401 remote_addr=94.102.49.155 time_ms=1 duration=1.070502ms size=102 referer= handler=notfound
logger=context userId=0 orgId=0 uname= t=2025-04-29T10:38:11.689752312Z level=info msg="Request Completed" method=GET path=/ status=302 remote_addr=80.82.77.202 time_ms=2 duration=2.36797ms size=29 referer= handler=/
logger=cleanup t=2025-04-29T10:47:16.296277551Z level=info msg="Completed cleanup jobs" duration=2.023884ms
logger=grafana.update.checker t=2025-04-29T10:47:16.569601486Z level=info msg="Update check succeeded" duration=12.504603ms
logger=plugins.update.checker t=2025-04-29T10:47:16.607924104Z level=info msg="Update check succeeded" duration=33.218399ms
logger=cleanup t=2025-04-29T10:57:16.298190647Z level=info msg="Completed cleanup jobs" duration=3.213136ms
logger=grafana.update.checker t=2025-04-29T10:57:16.576930394Z level=info msg="Update check succeeded" duration=19.011352ms
logger=plugins.update.checker t=2025-04-29T10:57:16.612018064Z level=info msg="Update check succeeded" duration=36.950897ms
logger=cleanup t=2025-04-29T11:07:16.29697581Z level=info msg="Completed cleanup jobs" duration=2.698328ms
logger=grafana.update.checker t=2025-04-29T11:07:16.569629803Z level=info msg="Update check succeeded" duration=12.727203ms
logger=plugins.update.checker t=2025-04-29T11:07:16.609482953Z level=info msg="Update check succeeded" duration=35.500095ms
logger=infra.usagestats t=2025-04-29T11:07:59.283881375Z level=info msg="Usage stats are ready to report"
logger=cleanup t=2025-04-29T11:17:16.297050158Z level=info msg="Completed cleanup jobs" duration=2.09304ms
logger=grafana.update.checker t=2025-04-29T11:17:16.571941647Z level=info msg="Update check succeeded" duration=15.050427ms
logger=plugins.update.checker t=2025-04-29T11:17:16.660395595Z level=info msg="Update check succeeded" duration=86.368016ms
logger=cleanup t=2025-04-29T11:27:16.297225646Z level=info msg="Completed cleanup jobs" duration=2.671182ms
logger=grafana.update.checker t=2025-04-29T11:27:16.572075587Z level=info msg="Update check succeeded" duration=14.444708ms
logger=plugins.update.checker t=2025-04-29T11:27:16.60797633Z level=info msg="Update check succeeded" duration=33.796918ms
logger=cleanup t=2025-04-29T11:37:16.299636583Z level=info msg="Completed cleanup jobs" duration=5.095962ms
logger=grafana.update.checker t=2025-04-29T11:37:16.569855717Z level=info msg="Update check succeeded" duration=12.245327ms
logger=plugins.update.checker t=2025-04-29T11:37:16.611273211Z level=info msg="Update check succeeded" duration=37.101632ms
logger=infra.usagestats t=2025-04-29T11:37:59.283268Z level=info msg="Usage stats are ready to report"
logger=cleanup t=2025-04-29T11:47:16.296520341Z level=info msg="Completed cleanup jobs" duration=1.997225ms
logger=grafana.update.checker t=2025-04-29T11:47:16.575577685Z level=info msg="Update check succeeded" duration=17.759239ms
logger=plugins.update.checker t=2025-04-29T11:47:16.6054277Z level=info msg="Update check succeeded" duration=30.996485ms
logger=cleanup t=2025-04-29T11:57:16.296663383Z level=info msg="Completed cleanup jobs" duration=2.692894ms
logger=grafana.update.checker t=2025-04-29T11:57:16.569680382Z level=info msg="Update check succeeded" duration=12.726141ms
logger=plugins.update.checker t=2025-04-29T11:57:16.650710143Z level=info msg="Update check succeeded" duration=76.15074ms
logger=cleanup t=2025-04-29T12:07:16.298573491Z level=info msg="Completed cleanup jobs" duration=4.495416ms
logger=grafana.update.checker t=2025-04-29T12:07:16.582931946Z level=info msg="Update check succeeded" duration=24.986595ms
logger=plugins.update.checker t=2025-04-29T12:07:16.607579374Z level=info msg="Update check succeeded" duration=33.419642ms
logger=infra.usagestats t=2025-04-29T12:07:59.286886336Z level=info msg="Usage stats are ready to report"
logger=cleanup t=2025-04-29T12:17:16.297287054Z level=info msg="Completed cleanup jobs" duration=2.189684ms
logger=grafana.update.checker t=2025-04-29T12:17:16.570314397Z level=info msg="Update check succeeded" duration=12.368585ms
logger=plugins.update.checker t=2025-04-29T12:17:16.61309621Z level=info msg="Update check succeeded" duration=38.718561ms
logger=cleanup t=2025-04-29T12:27:16.297930948Z level=info msg="Completed cleanup jobs" duration=3.204889ms
logger=grafana.update.checker t=2025-04-29T12:27:16.571443699Z level=info msg="Update check succeeded" duration=14.153603ms
logger=plugins.update.checker t=2025-04-29T12:27:16.610179188Z level=info msg="Update check succeeded" duration=35.533339ms
logger=cleanup t=2025-04-29T12:37:16.296623294Z level=info msg="Completed cleanup jobs" duration=2.256291ms
logger=grafana.update.checker t=2025-04-29T12:37:16.570359063Z level=info msg="Update check succeeded" duration=12.501839ms
logger=plugins.update.checker t=2025-04-29T12:37:16.608246628Z level=info msg="Update check succeeded" duration=33.787393ms
logger=infra.usagestats t=2025-04-29T12:37:59.284935021Z level=info msg="Usage stats are ready to report"
logger=context userId=0 orgId=0 uname= t=2025-04-29T12:40:43.039587328Z level=info msg="Request Completed" method=GET path=/ status=302 remote_addr=154.212.141.213 time_ms=1 duration=1.260313ms size=29 referer= handler=/
logger=context userId=0 orgId=0 uname= t=2025-04-29T12:40:43.730152761Z level=info msg="Request Completed" method=GET path=/ status=302 remote_addr=154.212.141.235 time_ms=0 duration=159.003µs size=29 referer=http://162.214.158.20:2095 handler=/
logger=http.server t=2025-04-29T12:40:44.123609372Z level=error msg="Failed to parse user ID" error="identifier is not initialized"
logger=cleanup t=2025-04-29T12:47:16.297010568Z level=info msg="Completed cleanup jobs" duration=2.136797ms
logger=grafana.update.checker t=2025-04-29T12:47:16.571004741Z level=info msg="Update check succeeded" duration=13.022364ms
logger=plugins.update.checker t=2025-04-29T12:47:16.620090219Z level=info msg="Update check succeeded" duration=46.104088ms
logger=cleanup t=2025-04-29T12:57:16.296919948Z level=info msg="Completed cleanup jobs" duration=2.092934ms
logger=grafana.update.checker t=2025-04-29T12:57:16.576916825Z level=info msg="Update check succeeded" duration=18.969357ms
logger=plugins.update.checker t=2025-04-29T12:57:16.61105245Z level=info msg="Update check succeeded" duration=36.805492ms
logger=context userId=0 orgId=0 uname= t=2025-04-29T12:58:49.456011992Z level=info msg="Request Completed" method=GET path=/ status=302 remote_addr=162.142.125.203 time_ms=0 duration=172.717µs size=29 referer= handler=/
logger=context userId=0 orgId=0 uname= t=2025-04-29T12:58:58.913332912Z level=info msg="Request Completed" method=GET path=/ status=302 remote_addr=162.142.125.203 time_ms=0 duration=112.942µs size=29 referer= handler=/
logger=context userId=0 orgId=0 uname= t=2025-04-29T12:58:59.21206359Z level=info msg="Request Completed" method=PRI path=* status=302 remote_addr=162.142.125.203 time_ms=0 duration=255.449µs size=0 referer= handler=notfound
logger=http.server t=2025-04-29T12:59:03.607658842Z level=error msg="Failed to parse user ID" error="identifier is not initialized"
logger=context userId=0 orgId=0 uname= t=2025-04-29T12:59:08.686814661Z level=info msg="Request Completed" method=GET path=/favicon.ico status=302 remote_addr=162.142.125.203 time_ms=0 duration=117.763µs size=29 referer= handler=public-assets
logger=http.server t=2025-04-29T12:59:09.243518544Z level=error msg="Failed to parse user ID" error="identifier is not initialized"
logger=context userId=0 orgId=0 uname= t=2025-04-29T12:59:10.228769912Z level=info msg="Request Completed" method=PRI path=* status=302 remote_addr=162.142.125.203 time_ms=0 duration=121.461µs size=0 referer= handler=notfound
logger=context userId=0 orgId=0 uname= t=2025-04-29T12:59:15.955949477Z level=info msg="Request Completed" method=GET path=/ status=302 remote_addr=162.142.125.203 time_ms=0 duration=121.952µs size=29 referer= handler=/
logger=cleanup t=2025-04-29T13:07:16.298676386Z level=info msg="Completed cleanup jobs" duration=4.27646ms
logger=grafana.update.checker t=2025-04-29T13:07:16.569812311Z level=info msg="Update check succeeded" duration=12.437781ms
logger=plugins.update.checker t=2025-04-29T13:07:16.613339534Z level=info msg="Update check succeeded" duration=39.393148ms
logger=infra.usagestats t=2025-04-29T13:07:59.282358453Z level=info msg="Usage stats are ready to report"
logger=cleanup t=2025-04-29T13:17:16.296564267Z level=info msg="Completed cleanup jobs" duration=2.195129ms
logger=grafana.update.checker t=2025-04-29T13:17:16.576512359Z level=info msg="Update check succeeded" duration=18.644517ms
logger=plugins.update.checker t=2025-04-29T13:17:16.621900506Z level=info msg="Update check succeeded" duration=47.679668ms
logger=cleanup t=2025-04-29T13:27:16.296516833Z level=info msg="Completed cleanup jobs" duration=2.145144ms
logger=grafana.update.checker t=2025-04-29T13:27:16.572685672Z level=info msg="Update check succeeded" duration=15.414412ms
logger=plugins.update.checker t=2025-04-29T13:27:16.612346942Z level=info msg="Update check succeeded" duration=38.453946ms
logger=cleanup t=2025-04-29T13:37:16.301557625Z level=info msg="Completed cleanup jobs" duration=6.565193ms
logger=grafana.update.checker t=2025-04-29T13:37:16.570326943Z level=info msg="Update check succeeded" duration=12.701321ms
logger=plugins.update.checker t=2025-04-29T13:37:16.61680808Z level=info msg="Update check succeeded" duration=42.359301ms
logger=infra.usagestats t=2025-04-29T13:37:59.284513595Z level=info msg="Usage stats are ready to report"
logger=cleanup t=2025-04-29T13:47:16.297224652Z level=info msg="Completed cleanup jobs" duration=2.602087ms
logger=grafana.update.checker t=2025-04-29T13:47:16.570969947Z level=info msg="Update check succeeded" duration=13.973316ms
logger=plugins.update.checker t=2025-04-29T13:47:16.606342325Z level=info msg="Update check succeeded" duration=32.271653ms
logger=context userId=0 orgId=0 uname= t=2025-04-29T13:48:44.348967372Z level=info msg="Request Completed" method=GET path=/ status=302 remote_addr=170.64.171.34 time_ms=0 duration=144.685µs size=29 referer= handler=/
logger=http.server t=2025-04-29T13:48:44.533139093Z level=error msg="Failed to parse user ID" error="identifier is not initialized"
logger=cleanup t=2025-04-29T13:57:16.296531965Z level=info msg="Completed cleanup jobs" duration=2.079922ms
logger=grafana.update.checker t=2025-04-29T13:57:16.570768974Z level=info msg="Update check succeeded" duration=13.783277ms
logger=plugins.update.checker t=2025-04-29T13:57:16.606413352Z level=info msg="Update check succeeded" duration=32.421562ms
logger=cleanup t=2025-04-29T14:07:16.296387146Z level=info msg="Completed cleanup jobs" duration=2.066421ms
logger=grafana.update.checker t=2025-04-29T14:07:16.575229918Z level=info msg="Update check succeeded" duration=17.525483ms
logger=plugins.update.checker t=2025-04-29T14:07:16.604771Z level=info msg="Update check succeeded" duration=30.587489ms
logger=infra.usagestats t=2025-04-29T14:07:59.283635984Z level=info msg="Usage stats are ready to report"
logger=cleanup t=2025-04-29T14:17:16.296424716Z level=info msg="Completed cleanup jobs" duration=2.04696ms
logger=grafana.update.checker t=2025-04-29T14:17:16.569779575Z level=info msg="Update check succeeded" duration=12.08508ms
logger=plugins.update.checker t=2025-04-29T14:17:16.612212566Z level=info msg="Update check succeeded" duration=38.553585ms
logger=cleanup t=2025-04-29T14:27:16.2971353Z level=info msg="Completed cleanup jobs" duration=2.52176ms
logger=grafana.update.checker t=2025-04-29T14:27:16.57516569Z level=info msg="Update check succeeded" duration=17.390641ms
logger=plugins.update.checker t=2025-04-29T14:27:16.606875203Z level=info msg="Update check succeeded" duration=32.130683ms
logger=cleanup t=2025-04-29T14:37:16.29804886Z level=info msg="Completed cleanup jobs" duration=3.395328ms
logger=grafana.update.checker t=2025-04-29T14:37:16.569253611Z level=info msg="Update check succeeded" duration=12.350934ms
logger=plugins.update.checker t=2025-04-29T14:37:16.612441225Z level=info msg="Update check succeeded" duration=38.159461ms
logger=infra.usagestats t=2025-04-29T14:37:59.282928615Z level=info msg="Usage stats are ready to report"
logger=context userId=0 orgId=0 uname= t=2025-04-29T14:44:32.938093253Z level=info msg="Request Completed" method=GET path=/d/b595cc31-9678-483e-ae4f-ab44c4e18abb/demo status=302 remote_addr=172.58.180.190 time_ms=2 duration=2.927487ms size=47 referer= handler=/d/:uid/:slug
logger=context userId=0 orgId=0 uname= t=2025-04-29T14:44:32.983817112Z level=info msg="Request Completed" method=GET path=/user/auth-tokens/rotate status=302 remote_addr=172.58.180.190 time_ms=7 duration=7.42028ms size=90 referer= handler=/user/auth-tokens/rotate
logger=context userId=2 orgId=1 uname=melvin.henry@nfmconsulting.com t=2025-04-29T14:44:35.908532866Z level=info msg="Request Completed" method=GET path=/api/live/ws status=-1 remote_addr=172.58.180.190 time_ms=1 duration=1.753172ms size=0 referer= handler=/api/live/ws
logger=live t=2025-04-29T14:44:36.336072002Z level=info msg="Initialized channel handler" channel=grafana/dashboard/uid/b595cc31-9678-483e-ae4f-ab44c4e18abb address=grafana/dashboard/uid/b595cc31-9678-483e-ae4f-ab44c4e18abb
logger=context userId=2 orgId=1 uname=melvin.henry@nfmconsulting.com t=2025-04-29T14:44:40.258004701Z level=info msg="Request Completed" method=GET path=/api/plugins/grafana-oncall-app/settings status=404 remote_addr=172.58.180.190 time_ms=0 duration=632.286µs size=64 referer=http://itsaenergy.com:3000/alerting/notifications handler=/api/plugins/:pluginId/settings
logger=context userId=2 orgId=1 uname=melvin.henry@nfmconsulting.com t=2025-04-29T14:44:42.192234602Z level=info msg="Request Completed" method=GET path=/api/plugins/grafana-oncall-app/settings status=404 remote_addr=172.58.180.190 time_ms=1 duration=1.170623ms size=64 referer=http://itsaenergy.com:3000/alerting/notifications/receivers/Alert%20notification/edit handler=/api/plugins/:pluginId/settings
logger=context userId=2 orgId=1 uname=melvin.henry@nfmconsulting.com t=2025-04-29T14:46:56.95405518Z level=info msg="Request Completed" method=GET path=/api/plugins/grafana-oncall-app/settings status=404 remote_addr=172.58.180.190 time_ms=2 duration=2.62063ms size=64 referer=http://itsaenergy.com:3000/alerting/notifications handler=/api/plugins/:pluginId/settings
logger=cleanup t=2025-04-29T14:47:16.299022488Z level=info msg="Completed cleanup jobs" duration=4.706491ms
logger=grafana.update.checker t=2025-04-29T14:47:16.569918899Z level=info msg="Update check succeeded" duration=12.853781ms
logger=plugins.update.checker t=2025-04-29T14:47:16.61628598Z level=info msg="Update check succeeded" duration=42.201683ms
logger=cleanup t=2025-04-29T14:57:16.296842285Z level=info msg="Completed cleanup jobs" duration=2.185901ms
logger=grafana.update.checker t=2025-04-29T14:57:16.572471803Z level=info msg="Update check succeeded" duration=15.084186ms
logger=plugins.update.checker t=2025-04-29T14:57:16.615106632Z level=info msg="Update check succeeded" duration=40.526003ms
logger=cleanup t=2025-04-29T15:07:16.296929407Z level=info msg="Completed cleanup jobs" duration=1.985176ms
logger=grafana.update.checker t=2025-04-29T15:07:16.569921244Z level=info msg="Update check succeeded" duration=12.607698ms
logger=plugins.update.checker t=2025-04-29T15:07:16.608879424Z level=info msg="Update check succeeded" duration=34.803102ms
logger=infra.usagestats t=2025-04-29T15:07:59.28351052Z level=info msg="Usage stats are ready to report"
logger=context userId=2 orgId=1 uname=melvin.henry@nfmconsulting.com t=2025-04-29T15:14:17.455022487Z level=info msg="Request Completed" method=POST path=/api/ds/query status=400 remote_addr=172.58.180.190 time_ms=8 duration=8.604276ms size=482 referer="http://itsaenergy.com:3000/d/b595cc31-9678-483e-ae4f-ab44c4e18abb/demo?editPanel=13&orgId=1&refresh=5s" handler=/api/ds/query
logger=context userId=2 orgId=1 uname=melvin.henry@nfmconsulting.com t=2025-04-29T15:14:35.185051244Z level=info msg="Request Completed" method=POST path=/api/ds/query status=400 remote_addr=172.58.180.190 time_ms=3 duration=3.835896ms size=479 referer="http://itsaenergy.com:3000/d/b595cc31-9678-483e-ae4f-ab44c4e18abb/demo?editPanel=13&orgId=1&refresh=5s" handler=/api/ds/query
logger=context userId=2 orgId=1 uname=melvin.henry@nfmconsulting.com t=2025-04-29T15:14:37.288448456Z level=info msg="Request Completed" method=POST path=/api/ds/query status=400 remote_addr=172.58.180.190 time_ms=2 duration=2.059059ms size=479 referer="http://itsaenergy.com:3000/d/b595cc31-9678-483e-ae4f-ab44c4e18abb/demo?editPanel=13&orgId=1&refresh=5s" handler=/api/ds/query
logger=context userId=2 orgId=1 uname=melvin.henry@nfmconsulting.com t=2025-04-29T15:14:37.868388032Z level=info msg="Request Completed" method=POST path=/api/ds/query status=400 remote_addr=172.58.180.190 time_ms=1 duration=1.982355ms size=479 referer="http://itsaenergy.com:3000/d/b595cc31-9678-483e-ae4f-ab44c4e18abb/demo?editPanel=13&orgId=1&refresh=5s" handler=/api/ds/query
logger=context userId=2 orgId=1 uname=melvin.henry@nfmconsulting.com t=2025-04-29T15:14:59.985310682Z level=info msg="Request Completed" method=POST path=/api/ds/query status=400 remote_addr=172.58.180.190 time_ms=4 duration=4.040685ms size=475 referer="http://itsaenergy.com:3000/d/b595cc31-9678-483e-ae4f-ab44c4e18abb/demo?editPanel=13&orgId=1&refresh=5s" handler=/api/ds/query
logger=cleanup t=2025-04-29T15:17:16.315277795Z level=info msg="Completed cleanup jobs" duration=20.709189ms
logger=grafana.update.checker t=2025-04-29T15:17:16.583035644Z level=info msg="Update check succeeded" duration=25.198019ms
logger=plugins.update.checker t=2025-04-29T15:17:16.613283021Z level=info msg="Update check succeeded" duration=35.708782ms
logger=cleanup t=2025-04-29T15:27:16.297384196Z level=info msg="Completed cleanup jobs" duration=2.414211ms
logger=grafana.update.checker t=2025-04-29T15:27:16.576056081Z level=info msg="Update check succeeded" duration=19.164869ms
logger=plugins.update.checker t=2025-04-29T15:27:16.606913509Z level=info msg="Update check succeeded" duration=32.455431ms
logger=cleanup t=2025-04-29T15:37:16.297931406Z level=info msg="Completed cleanup jobs" duration=3.010925ms
logger=grafana.update.checker t=2025-04-29T15:37:16.576067724Z level=info msg="Update check succeeded" duration=18.313005ms
logger=plugins.update.checker t=2025-04-29T15:37:16.609464392Z level=info msg="Update check succeeded" duration=35.804105ms
logger=infra.usagestats t=2025-04-29T15:37:59.283529776Z level=info msg="Usage stats are ready to report"
logger=cleanup t=2025-04-29T15:47:16.303702076Z level=info msg="Completed cleanup jobs" duration=9.666641ms
logger=grafana.update.checker t=2025-04-29T15:47:16.572636141Z level=info msg="Update check succeeded" duration=15.34388ms
logger=plugins.update.checker t=2025-04-29T15:47:16.602871876Z level=info msg="Update check succeeded" duration=28.388544ms
logger=cleanup t=2025-04-29T15:57:16.296328172Z level=info msg="Completed cleanup jobs" duration=1.954578ms
logger=grafana.update.checker t=2025-04-29T15:57:16.57327249Z level=info msg="Update check succeeded" duration=15.643807ms
logger=plugins.update.checker t=2025-04-29T15:57:16.607849139Z level=info msg="Update check succeeded" duration=33.609242ms
logger=cleanup t=2025-04-29T16:07:16.296847467Z level=info msg="Completed cleanup jobs" duration=2.364262ms
logger=grafana.update.checker t=2025-04-29T16:07:16.570330138Z level=info msg="Update check succeeded" duration=12.785893ms
logger=plugins.update.checker t=2025-04-29T16:07:16.622633138Z level=info msg="Update check succeeded" duration=48.4373ms
logger=infra.usagestats t=2025-04-29T16:07:59.281864525Z level=info msg="Usage stats are ready to report"
logger=context userId=2 orgId=1 uname=melvin.henry@nfmconsulting.com t=2025-04-29T16:08:26.751798939Z level=info msg="Request Completed" method=GET path=/api/plugins/grafana-oncall-app/settings status=404 remote_addr=172.58.180.190 time_ms=11 duration=11.031833ms size=64 referer=http://itsaenergy.com:3000/alerting/notifications handler=/api/plugins/:pluginId/settings
logger=context userId=2 orgId=1 uname=melvin.henry@nfmconsulting.com t=2025-04-29T16:08:29.582014484Z level=info msg="Request Completed" method=GET path=/api/plugins/grafana-oncall-app/settings status=404 remote_addr=172.58.180.190 time_ms=0 duration=761.69µs size=64 referer=http://itsaenergy.com:3000/alerting/notifications/receivers/Alert%20notification/edit handler=/api/plugins/:pluginId/settings
logger=cleanup t=2025-04-29T16:17:16.29714446Z level=info msg="Completed cleanup jobs" duration=2.082457ms
logger=grafana.update.checker t=2025-04-29T16:17:16.571173672Z level=info msg="Update check succeeded" duration=13.29778ms
logger=plugins.update.checker t=2025-04-29T16:17:16.61321572Z level=info msg="Update check succeeded" duration=39.014859ms
logger=cleanup t=2025-04-29T16:27:16.296584692Z level=info msg="Completed cleanup jobs" duration=2.231063ms
logger=grafana.update.checker t=2025-04-29T16:27:16.577110133Z level=info msg="Update check succeeded" duration=19.507049ms
logger=plugins.update.checker t=2025-04-29T16:27:16.612402221Z level=info msg="Update check succeeded" duration=38.196447ms
logger=cleanup t=2025-04-29T16:37:16.305169068Z level=info msg="Completed cleanup jobs" duration=10.661666ms
logger=grafana.update.checker t=2025-04-29T16:37:16.57041123Z level=info msg="Update check succeeded" duration=12.900708ms
logger=plugins.update.checker t=2025-04-29T16:37:16.609326909Z level=info msg="Update check succeeded" duration=35.033113ms
logger=infra.usagestats t=2025-04-29T16:37:59.283240664Z level=info msg="Usage stats are ready to report"
logger=cleanup t=2025-04-29T16:47:16.296666306Z level=info msg="Completed cleanup jobs" duration=2.391502ms
logger=grafana.update.checker t=2025-04-29T16:47:16.576381509Z level=info msg="Update check succeeded" duration=19.28498ms
logger=plugins.update.checker t=2025-04-29T16:47:16.608924945Z level=info msg="Update check succeeded" duration=35.031384ms
logger=cleanup t=2025-04-29T16:57:16.296885744Z level=info msg="Completed cleanup jobs" duration=1.981123ms
logger=grafana.update.checker t=2025-04-29T16:57:16.575040796Z level=info msg="Update check succeeded" duration=18.007457ms
logger=plugins.update.checker t=2025-04-29T16:57:16.609686959Z level=info msg="Update check succeeded" duration=35.675029ms
logger=cleanup t=2025-04-29T17:07:16.297427009Z level=info msg="Completed cleanup jobs" duration=3.207173ms
logger=grafana.update.checker t=2025-04-29T17:07:16.574329853Z level=info msg="Update check succeeded" duration=17.284026ms
logger=plugins.update.checker t=2025-04-29T17:07:16.610314836Z level=info msg="Update check succeeded" duration=36.470077ms
logger=infra.usagestats t=2025-04-29T17:07:59.282351107Z level=info msg="Usage stats are ready to report"
logger=ngalert.sender.router rule_uid=e7339430-ed3b-47e7-9d3f-3d75b8f5d330 org_id=1 t=2025-04-29T17:16:00.017719706Z level=info msg="Sending alerts to local notifier" count=1
logger=ngalert.state.manager rule_uid=e7339430-ed3b-47e7-9d3f-3d75b8f5d330 org_id=1 t=2025-04-29T17:17:00.00918734Z level=info msg="Detected stale state entry" cacheID="[[\"Communications\",\"Older than 5 minutes\"],[\"__alert_rule_namespace_uid__\",\"a2011903-e94e-4a19-81d3-7654b87e5079\"],[\"__alert_rule_uid__\",\"e7339430-ed3b-47e7-9d3f-3d75b8f5d330\"],[\"alertname\",\"MQTT-Facility Communication Loss Detection\"],[\"fullname\",\"WATERBRIDGE.Sea Bird.SeaBird_External.CompactLogix01.Load Reduction.Facility.Available Curtailment\"],[\"grafana_folder\",\"MQTT alerts\"],[\"site_name\",\"Sea Bird\"]]" state=Normal reason=
logger=ngalert.state.manager rule_uid=e7339430-ed3b-47e7-9d3f-3d75b8f5d330 org_id=1 t=2025-04-29T17:17:00.009340021Z level=info msg="Detected stale state entry" cacheID="[[\"Communications\",\"Older than 5 minutes\"],[\"__alert_rule_namespace_uid__\",\"a2011903-e94e-4a19-81d3-7654b87e5079\"],[\"__alert_rule_uid__\",\"e7339430-ed3b-47e7-9d3f-3d75b8f5d330\"],[\"alertname\",\"MQTT-Facility Communication Loss Detection\"],[\"fullname\",\"WATERBRIDGE.Boreas.Boreas_External.CompactLogix01.Load Reduction.Facility.Tag\"],[\"grafana_folder\",\"MQTT alerts\"],[\"site_name\",\"Boreas\"]]" state=Normal reason=
logger=ngalert.state.manager rule_uid=e7339430-ed3b-47e7-9d3f-3d75b8f5d330 org_id=1 t=2025-04-29T17:17:00.0093681Z level=info msg="Detected stale state entry" cacheID="[[\"Communications\",\"Older than 5 minutes\"],[\"__alert_rule_namespace_uid__\",\"a2011903-e94e-4a19-81d3-7654b87e5079\"],[\"__alert_rule_uid__\",\"e7339430-ed3b-47e7-9d3f-3d75b8f5d330\"],[\"alertname\",\"MQTT-Facility Communication Loss Detection\"],[\"fullname\",\"WATERBRIDGE.Eclipse.Eclipse_External.CompactLogix01.Load Reduction.Facility.Avg Line Current\"],[\"grafana_folder\",\"MQTT alerts\"],[\"site_name\",\"Eclipse\"]]" state=Normal reason=
logger=ngalert.state.manager rule_uid=e7339430-ed3b-47e7-9d3f-3d75b8f5d330 org_id=1 t=2025-04-29T17:17:00.0093883Z level=info msg="Detected stale state entry" cacheID="[[\"Communications\",\"Older than 5 minutes\"],[\"__alert_rule_namespace_uid__\",\"a2011903-e94e-4a19-81d3-7654b87e5079\"],[\"__alert_rule_uid__\",\"e7339430-ed3b-47e7-9d3f-3d75b8f5d330\"],[\"alertname\",\"MQTT-Facility Communication Loss Detection\"],[\"fullname\",\"WATERBRIDGE.Central Reeves.CentralReeves_External.CompactLogix01.Load Reduction.Facility.Available Curtailment\"],[\"grafana_folder\",\"MQTT alerts\"],[\"site_name\",\"Central Reeves\"]]" state=Normal reason=
logger=ngalert.state.manager rule_uid=e7339430-ed3b-47e7-9d3f-3d75b8f5d330 org_id=1 t=2025-04-29T17:17:00.009410995Z level=info msg="Detected stale state entry" cacheID="[[\"Communications\",\"Older than 5 minutes\"],[\"__alert_rule_namespace_uid__\",\"a2011903-e94e-4a19-81d3-7654b87e5079\"],[\"__alert_rule_uid__\",\"e7339430-ed3b-47e7-9d3f-3d75b8f5d330\"],[\"alertname\",\"MQTT-Facility Communication Loss Detection\"],[\"fullname\",\"WATERBRIDGE.EasyJet.EasyJet_External.CompactLogix01.Load Reduction.Facility.UFR\"],[\"grafana_folder\",\"MQTT alerts\"],[\"site_name\",\"EasyJet\"]]" state=Normal reason=
logger=ngalert.state.manager rule_uid=e7339430-ed3b-47e7-9d3f-3d75b8f5d330 org_id=1 t=2025-04-29T17:17:00.00943048Z level=info msg="Detected stale state entry" cacheID="[[\"Communications\",\"Older than 5 minutes\"],[\"__alert_rule_namespace_uid__\",\"a2011903-e94e-4a19-81d3-7654b87e5079\"],[\"__alert_rule_uid__\",\"e7339430-ed3b-47e7-9d3f-3d75b8f5d330\"],[\"alertname\",\"MQTT-Facility Communication Loss Detection\"],[\"fullname\",\"WATERBRIDGE.ORB SWD.Orb_External.CompactLogix01.Load Reduction.Facility.Phase B Current\"],[\"grafana_folder\",\"MQTT alerts\"],[\"site_name\",\"ORB SWD\"]]" state=Normal reason=
logger=ngalert.state.manager rule_uid=e7339430-ed3b-47e7-9d3f-3d75b8f5d330 org_id=1 t=2025-04-29T17:17:00.009451513Z level=info msg="Detected stale state entry" cacheID="[[\"Communications\",\"Older than 5 minutes\"],[\"__alert_rule_namespace_uid__\",\"a2011903-e94e-4a19-81d3-7654b87e5079\"],[\"__alert_rule_uid__\",\"e7339430-ed3b-47e7-9d3f-3d75b8f5d330\"],[\"alertname\",\"MQTT-Facility Communication Loss Detection\"],[\"fullname\",\"WATERBRIDGE.ORB SWD.Orb_External.CompactLogix01.Load Reduction.Facility.Participate_Sts\"],[\"grafana_folder\",\"MQTT alerts\"],[\"site_name\",\"ORB SWD\"]]" state=Normal reason=
logger=ngalert.state.manager rule_uid=e7339430-ed3b-47e7-9d3f-3d75b8f5d330 org_id=1 t=2025-04-29T17:17:00.009475128Z level=info msg="Detected stale state entry" cacheID="[[\"Communications\",\"Older than 5 minutes\"],[\"__alert_rule_namespace_uid__\",\"a2011903-e94e-4a19-81d3-7654b87e5079\"],[\"__alert_rule_uid__\",\"e7339430-ed3b-47e7-9d3f-3d75b8f5d330\"],[\"alertname\",\"MQTT-Facility Communication Loss Detection\"],[\"fullname\",\"WATERBRIDGE.Central Reeves.CentralReeves_External.CompactLogix01.Load Reduction.Facility.Exists\"],[\"grafana_folder\",\"MQTT alerts\"],[\"site_name\",\"Central Reeves\"]]" state=Normal reason=
logger=ngalert.state.manager rule_uid=e7339430-ed3b-47e7-9d3f-3d75b8f5d330 org_id=1 t=2025-04-29T17:17:00.009504082Z level=info msg="Detected stale state entry" cacheID="[[\"Communications\",\"Older than 5 minutes\"],[\"__alert_rule_namespace_uid__\",\"a2011903-e94e-4a19-81d3-7654b87e5079\"],[\"__alert_rule_uid__\",\"e7339430-ed3b-47e7-9d3f-3d75b8f5d330\"],[\"alertname\",\"MQTT-Facility Communication Loss Detection\"],[\"fullname\",\"WATERBRIDGE.ORB SWD.Orb_External.CompactLogix01.Load Reduction.Facility.Load_Sts\"],[\"grafana_folder\",\"MQTT alerts\"],[\"site_name\",\"ORB SWD\"]]" state=Normal reason=
logger=ngalert.state.manager rule_uid=e7339430-ed3b-47e7-9d3f-3d75b8f5d330 org_id=1 t=2025-04-29T17:17:00.009533244Z level=info msg="Detected stale state entry" cacheID="[[\"Communications\",\"Older than 5 minutes\"],[\"__alert_rule_namespace_uid__\",\"a2011903-e94e-4a19-81d3-7654b87e5079\"],[\"__alert_rule_uid__\",\"e7339430-ed3b-47e7-9d3f-3d75b8f5d330\"],[\"alertname\",\"MQTT-Facility Communication Loss Detection\"],[\"fullname\",\"WATERBRIDGE.Sea Bird.SeaBird_External.CompactLogix01.Load Reduction.Facility.Inhibit_Sts\"],[\"grafana_folder\",\"MQTT alerts\"],[\"site_name\",\"Sea Bird\"]]" state=Normal reason=
logger=ngalert.state.manager rule_uid=e7339430-ed3b-47e7-9d3f-3d75b8f5d330 org_id=1 t=2025-04-29T17:17:00.009556664Z level=info msg="Detected stale state entry" cacheID="[[\"Communications\",\"Older than 5 minutes\"],[\"__alert_rule_namespace_uid__\",\"a2011903-e94e-4a19-81d3-7654b87e5079\"],[\"__alert_rule_uid__\",\"e7339430-ed3b-47e7-9d3f-3d75b8f5d330\"],[\"alertname\",\"MQTT-Facility Communication Loss Detection\"],[\"fullname\",\"WATERBRIDGE.Boreas.Boreas_External.CompactLogix01.Load Reduction.Facility.Phase B Current\"],[\"grafana_folder\",\"MQTT alerts\"],[\"site_name\",\"Boreas\"]]" state=Normal reason=
logger=ngalert.state.manager rule_uid=e7339430-ed3b-47e7-9d3f-3d75b8f5d330 org_id=1 t=2025-04-29T17:17:00.009576974Z level=info msg="Detected stale state entry" cacheID="[[\"Communications\",\"Older than 5 minutes\"],[\"__alert_rule_namespace_uid__\",\"a2011903-e94e-4a19-81d3-7654b87e5079\"],[\"__alert_rule_uid__\",\"e7339430-ed3b-47e7-9d3f-3d75b8f5d330\"],[\"alertname\",\"MQTT-Facility Communication Loss Detection\"],[\"fullname\",\"WATERBRIDGE.EasyJet.EasyJet_External.CompactLogix01.Load Reduction.Facility.Avg Line Current\"],[\"grafana_folder\",\"MQTT alerts\"],[\"site_name\",\"EasyJet\"]]" state=Normal reason=
logger=ngalert.state.manager rule_uid=e7339430-ed3b-47e7-9d3f-3d75b8f5d330 org_id=1 t=2025-04-29T17:17:00.009597363Z level=info msg="Detected stale state entry" cacheID="[[\"Communications\",\"Older than 5 minutes\"],[\"__alert_rule_namespace_uid__\",\"a2011903-e94e-4a19-81d3-7654b87e5079\"],[\"__alert_rule_uid__\",\"e7339430-ed3b-47e7-9d3f-3d75b8f5d330\"],[\"alertname\",\"MQTT-Facility Communication Loss Detection\"],[\"fullname\",\"WATERBRIDGE.Fonso.Fonso_External.CompactLogix01.Load Reduction.Facility.Participate_Sts\"],[\"grafana_folder\",\"MQTT alerts\"],[\"site_name\",\"Fonso\"]]" state=Normal reason=
logger=ngalert.state.manager rule_uid=e7339430-ed3b-47e7-9d3f-3d75b8f5d330 org_id=1 t=2025-04-29T17:17:00.009620265Z level=info msg="Detected stale state entry" cacheID="[[\"Communications\",\"Older than 5 minutes\"],[\"__alert_rule_namespace_uid__\",\"a2011903-e94e-4a19-81d3-7654b87e5079\"],[\"__alert_rule_uid__\",\"e7339430-ed3b-47e7-9d3f-3d75b8f5d330\"],[\"alertname\",\"MQTT-Facility Communication Loss Detection\"],[\"fullname\",\"WATERBRIDGE.Jet Pilot.JetPilot_External.CompactLogix01.Load Reduction.Facility.Exists\"],[\"grafana_folder\",\"MQTT alerts\"],[\"site_name\",\"Jet Pilot\"]]" state=Normal reason=
logger=ngalert.state.manager rule_uid=e7339430-ed3b-47e7-9d3f-3d75b8f5d330 org_id=1 t=2025-04-29T17:17:00.009643032Z level=info msg="Detected stale state entry" cacheID="[[\"Communications\",\"Older than 5 minutes\"],[\"__alert_rule_namespace_uid__\",\"a2011903-e94e-4a19-81d3-7654b87e5079\"],[\"__alert_rule_uid__\",\"e7339430-ed3b-47e7-9d3f-3d75b8f5d330\"],[\"alertname\",\"MQTT-Facility Communication Loss Detection\"],[\"fullname\",\"WATERBRIDGE.Buckshot.Buckshot_External.CompactLogix01.Load Reduction.Facility.Inhibit_Sts\"],[\"grafana_folder\",\"MQTT alerts\"],[\"site_name\",\"Buckshot\"]]" state=Normal reason=
logger=ngalert.state.manager rule_uid=e7339430-ed3b-47e7-9d3f-3d75b8f5d330 org_id=1 t=2025-04-29T17:17:00.009672034Z level=info msg="Detected stale state entry" cacheID="[[\"Communications\",\"Older than 5 minutes\"],[\"__alert_rule_namespace_uid__\",\"a2011903-e94e-4a19-81d3-7654b87e5079\"],[\"__alert_rule_uid__\",\"e7339430-ed3b-47e7-9d3f-3d75b8f5d330\"],[\"alertname\",\"MQTT-Facility Communication Loss Detection\"],[\"fullname\",\"WATERBRIDGE.EasyJet.EasyJet_External.CompactLogix01.Load Reduction.Facility.Phase C Current\"],[\"grafana_folder\",\"MQTT alerts\"],[\"site_name\",\"EasyJet\"]]" state=Normal reason=
logger=ngalert.state.manager rule_uid=e7339430-ed3b-47e7-9d3f-3d75b8f5d330 org_id=1 t=2025-04-29T17:17:00.009695125Z level=info msg="Detected stale state entry" cacheID="[[\"Communications\",\"Older than 5 minutes\"],[\"__alert_rule_namespace_uid__\",\"a2011903-e94e-4a19-81d3-7654b87e5079\"],[\"__alert_rule_uid__\",\"e7339430-ed3b-47e7-9d3f-3d75b8f5d330\"],[\"alertname\",\"MQTT-Facility Communication Loss Detection\"],[\"fullname\",\"WATERBRIDGE.Cotton Gin.CottonGin_External.CompactLogix01.Load Reduction.Facility.Inhibit_Cmd\"],[\"grafana_folder\",\"MQTT alerts\"],[\"site_name\",\"Cotton Gin\"]]" state=Normal reason=
logger=ngalert.state.manager rule_uid=e7339430-ed3b-47e7-9d3f-3d75b8f5d330 org_id=1 t=2025-04-29T17:17:00.009736124Z level=info msg="Detected stale state entry" cacheID="[[\"Communications\",\"Older than 5 minutes\"],[\"__alert_rule_namespace_uid__\",\"a2011903-e94e-4a19-81d3-7654b87e5079\"],[\"__alert_rule_uid__\",\"e7339430-ed3b-47e7-9d3f-3d75b8f5d330\"],[\"alertname\",\"MQTT-Facility Communication Loss Detection\"],[\"fullname\",\"WATERBRIDGE.ORB SWD.Orb_External.CompactLogix01.Load Reduction.Facility.Available Curtailment\"],[\"grafana_folder\",\"MQTT alerts\"],[\"site_name\",\"ORB SWD\"]]" state=Normal reason=
logger=ngalert.state.manager rule_uid=e7339430-ed3b-47e7-9d3f-3d75b8f5d330 org_id=1 t=2025-04-29T17:17:00.009759478Z level=info msg="Detected stale state entry" cacheID="[[\"Communications\",\"Older than 5 minutes\"],[\"__alert_rule_namespace_uid__\",\"a2011903-e94e-4a19-81d3-7654b87e5079\"],[\"__alert_rule_uid__\",\"e7339430-ed3b-47e7-9d3f-3d75b8f5d330\"],[\"alertname\",\"MQTT-Facility Communication Loss Detection\"],[\"fullname\",\"WATERBRIDGE.Citation.Citation_External.CompactLogix01.Load Reduction.Facility.Participate_Sts\"],[\"grafana_folder\",\"MQTT alerts\"],[\"site_name\",\"Citation\"]]" state=Normal reason=
logger=ngalert.state.manager rule_uid=e7339430-ed3b-47e7-9d3f-3d75b8f5d330 org_id=1 t=2025-04-29T17:17:00.009781133Z level=info msg="Detected stale state entry" cacheID="[[\"Communications\",\"Older than 5 minutes\"],[\"__alert_rule_namespace_uid__\",\"a2011903-e94e-4a19-81d3-7654b87e5079\"],[\"__alert_rule_uid__\",\"e7339430-ed3b-47e7-9d3f-3d75b8f5d330\"],[\"alertname\",\"MQTT-Facility Communication Loss Detection\"],[\"fullname\",\"WATERBRIDGE.Jet Pilot.JetPilot_External.CompactLogix01.Load Reduction.Facility.Inhibit_Cmd\"],[\"grafana_folder\",\"MQTT alerts\"],[\"site_name\",\"Jet Pilot\"]]" state=Normal reason=
logger=ngalert.state.manager rule_uid=e7339430-ed3b-47e7-9d3f-3d75b8f5d330 org_id=1 t=2025-04-29T17:17:00.009802117Z level=info msg="Detected stale state entry" cacheID="[[\"Communications\",\"Older than 5 minutes\"],[\"__alert_rule_namespace_uid__\",\"a2011903-e94e-4a19-81d3-7654b87e5079\"],[\"__alert_rule_uid__\",\"e7339430-ed3b-47e7-9d3f-3d75b8f5d330\"],[\"alertname\",\"MQTT-Facility Communication Loss Detection\"],[\"fullname\",\"WATERBRIDGE.Sham.Sham_External.CompactLogix01.Load Reduction.Facility.Participate_Sts\"],[\"grafana_folder\",\"MQTT alerts\"],[\"site_name\",\"Sham\"]]" state=Normal reason=
logger=ngalert.state.manager rule_uid=e7339430-ed3b-47e7-9d3f-3d75b8f5d330 org_id=1 t=2025-04-29T17:17:00.009829735Z level=info msg="Detected stale state entry" cacheID="[[\"Communications\",\"Older than 5 minutes\"],[\"__alert_rule_namespace_uid__\",\"a2011903-e94e-4a19-81d3-7654b87e5079\"],[\"__alert_rule_uid__\",\"e7339430-ed3b-47e7-9d3f-3d75b8f5d330\"],[\"alertname\",\"MQTT-Facility Communication Loss Detection\"],[\"fullname\",\"WATERBRIDGE.Fonso.Fonso_External.CompactLogix01.Load Reduction.Facility.Avg Voltage\"],[\"grafana_folder\",\"MQTT alerts\"],[\"site_name\",\"Fonso\"]]" state=Normal reason=
logger=ngalert.state.manager rule_uid=e7339430-ed3b-47e7-9d3f-3d75b8f5d330 org_id=1 t=2025-04-29T17:17:00.009849569Z level=info msg="Detected stale state entry" cacheID="[[\"Communications\",\"Older than 5 minutes\"],[\"__alert_rule_namespace_uid__\",\"a2011903-e94e-4a19-81d3-7654b87e5079\"],[\"__alert_rule_uid__\",\"e7339430-ed3b-47e7-9d3f-3d75b8f5d330\"],[\"alertname\",\"MQTT-Facility Communication Loss Detection\"],[\"fullname\",\"WATERBRIDGE.Rayburn.Rayburn_External.CompactLogix01.Load Reduction.Facility.Phase A Current\"],[\"grafana_folder\",\"MQTT alerts\"],[\"site_name\",\"Rayburn\"]]" state=Normal reason=
logger=ngalert.state.manager rule_uid=e7339430-ed3b-47e7-9d3f-3d75b8f5d330 org_id=1 t=2025-04-29T17:17:00.009868964Z level=info msg="Detected stale state entry" cacheID="[[\"Communications\",\"Older than 5 minutes\"],[\"__alert_rule_namespace_uid__\",\"a2011903-e94e-4a19-81d3-7654b87e5079\"],[\"__alert_rule_uid__\",\"e7339430-ed3b-47e7-9d3f-3d75b8f5d330\"],[\"alertname\",\"MQTT-Facility Communication Loss Detection\"],[\"fullname\",\"WATERBRIDGE.Citation.Citation_External.CompactLogix01.Load Reduction.Facility.Load_Sts\"],[\"grafana_folder\",\"MQTT alerts\"],[\"site_name\",\"Citation\"]]" state=Normal reason=
logger=ngalert.state.manager rule_uid=e7339430-ed3b-47e7-9d3f-3d75b8f5d330 org_id=1 t=2025-04-29T17:17:00.009889214Z level=info msg="Detected stale state entry" cacheID="[[\"Communications\",\"Older than 5 minutes\"],[\"__alert_rule_namespace_uid__\",\"a2011903-e94e-4a19-81d3-7654b87e5079\"],[\"__alert_rule_uid__\",\"e7339430-ed3b-47e7-9d3f-3d75b8f5d330\"],[\"alertname\",\"MQTT-Facility Communication Loss Detection\"],[\"fullname\",\"WATERBRIDGE.Rayburn.Rayburn_External.CompactLogix01.Load Reduction.Facility.Phase B Current\"],[\"grafana_folder\",\"MQTT alerts\"],[\"site_name\",\"Rayburn\"]]" state=Normal reason=
logger=ngalert.state.manager rule_uid=e7339430-ed3b-47e7-9d3f-3d75b8f5d330 org_id=1 t=2025-04-29T17:17:00.00991192Z level=info msg="Detected stale state entry" cacheID="[[\"Communications\",\"Older than 5 minutes\"],[\"__alert_rule_namespace_uid__\",\"a2011903-e94e-4a19-81d3-7654b87e5079\"],[\"__alert_rule_uid__\",\"e7339430-ed3b-47e7-9d3f-3d75b8f5d330\"],[\"alertname\",\"MQTT-Facility Communication Loss Detection\"],[\"fullname\",\"WATERBRIDGE.ORB SWD.Orb_External.CompactLogix01.Load Reduction.Facility.Inhibit_Sts\"],[\"grafana_folder\",\"MQTT alerts\"],[\"site_name\",\"ORB SWD\"]]" state=Normal reason=
logger=ngalert.state.manager rule_uid=e7339430-ed3b-47e7-9d3f-3d75b8f5d330 org_id=1 t=2025-04-29T17:17:00.009935961Z level=info msg="Detected stale state entry" cacheID="[[\"Communications\",\"Older than 5 minutes\"],[\"__alert_rule_namespace_uid__\",\"a2011903-e94e-4a19-81d3-7654b87e5079\"],[\"__alert_rule_uid__\",\"e7339430-ed3b-47e7-9d3f-3d75b8f5d330\"],[\"alertname\",\"MQTT-Facility Communication Loss Detection\"],[\"fullname\",\"WATERBRIDGE.Boreas.Boreas_External.CompactLogix01.Load Reduction.Facility.Avg Line Current\"],[\"grafana_folder\",\"MQTT alerts\"],[\"site_name\",\"Boreas\"]]" state=Normal reason=
logger=ngalert.state.manager rule_uid=e7339430-ed3b-47e7-9d3f-3d75b8f5d330 org_id=1 t=2025-04-29T17:17:00.009960085Z level=info msg="Detected stale state entry" cacheID="[[\"Communications\",\"Older than 5 minutes\"],[\"__alert_rule_namespace_uid__\",\"a2011903-e94e-4a19-81d3-7654b87e5079\"],[\"__alert_rule_uid__\",\"e7339430-ed3b-47e7-9d3f-3d75b8f5d330\"],[\"alertname\",\"MQTT-Facility Communication Loss Detection\"],[\"fullname\",\"WATERBRIDGE.Eclipse.Eclipse_External.CompactLogix01.Load Reduction.Facility.Inhibit_Sts\"],[\"grafana_folder\",\"MQTT alerts\"],[\"site_name\",\"Eclipse\"]]" state=Normal reason=
logger=ngalert.state.manager rule_uid=e7339430-ed3b-47e7-9d3f-3d75b8f5d330 org_id=1 t=2025-04-29T17:17:00.009991309Z level=info msg="Detected stale state entry" cacheID="[[\"Communications\",\"Older than 5 minutes\"],[\"__alert_rule_namespace_uid__\",\"a2011903-e94e-4a19-81d3-7654b87e5079\"],[\"__alert_rule_uid__\",\"e7339430-ed3b-47e7-9d3f-3d75b8f5d330\"],[\"alertname\",\"MQTT-Facility Communication Loss Detection\"],[\"fullname\",\"WATERBRIDGE.Rayburn.Rayburn_External.CompactLogix01.Load Reduction.Facility.Exists\"],[\"grafana_folder\",\"MQTT alerts\"],[\"site_name\",\"Rayburn\"]]" state=Normal reason=
logger=ngalert.state.manager rule_uid=e7339430-ed3b-47e7-9d3f-3d75b8f5d330 org_id=1 t=2025-04-29T17:17:00.010013448Z level=info msg="Detected stale state entry" cacheID="[[\"Communications\",\"Older than 5 minutes\"],[\"__alert_rule_namespace_uid__\",\"a2011903-e94e-4a19-81d3-7654b87e5079\"],[\"__alert_rule_uid__\",\"e7339430-ed3b-47e7-9d3f-3d75b8f5d330\"],[\"alertname\",\"MQTT-Facility Communication Loss Detection\"],[\"fullname\",\"WATERBRIDGE.Swale.Swale_External.CompactLogix01.Load Reduction.Facility.Available Curtailment\"],[\"grafana_folder\",\"MQTT alerts\"],[\"site_name\",\"Swale\"]]" state=Normal reason=
logger=ngalert.state.manager rule_uid=e7339430-ed3b-47e7-9d3f-3d75b8f5d330 org_id=1 t=2025-04-29T17:17:00.010033203Z level=info msg="Detected stale state entry" cacheID="[[\"Communications\",\"Older than 5 minutes\"],[\"__alert_rule_namespace_uid__\",\"a2011903-e94e-4a19-81d3-7654b87e5079\"],[\"__alert_rule_uid__\",\"e7339430-ed3b-47e7-9d3f-3d75b8f5d330\"],[\"alertname\",\"MQTT-Facility Communication Loss Detection\"],[\"fullname\",\"WATERBRIDGE.Buckshot.Buckshot_External.CompactLogix01.Load Reduction.Facility.Load_Sts\"],[\"grafana_folder\",\"MQTT alerts\"],[\"site_name\",\"Buckshot\"]]" state=Normal reason=
logger=ngalert.state.manager rule_uid=e7339430-ed3b-47e7-9d3f-3d75b8f5d330 org_id=1 t=2025-04-29T17:17:00.010054703Z level=info msg="Detected stale state entry" cacheID="[[\"Communications\",\"Older than 5 minutes\"],[\"__alert_rule_namespace_uid__\",\"a2011903-e94e-4a19-81d3-7654b87e5079\"],[\"__alert_rule_uid__\",\"e7339430-ed3b-47e7-9d3f-3d75b8f5d330\"],[\"alertname\",\"MQTT-Facility Communication Loss Detection\"],[\"fullname\",\"WATERBRIDGE.Fonso.Fonso_External.CompactLogix01.Load Reduction.Facility.Active Power\"],[\"grafana_folder\",\"MQTT alerts\"],[\"site_name\",\"Fonso\"]]" state=Normal reason=
logger=ngalert.state.manager rule_uid=e7339430-ed3b-47e7-9d3f-3d75b8f5d330 org_id=1 t=2025-04-29T17:17:00.010076418Z level=info msg="Detected stale state entry" cacheID="[[\"Communications\",\"Older than 5 minutes\"],[\"__alert_rule_namespace_uid__\",\"a2011903-e94e-4a19-81d3-7654b87e5079\"],[\"__alert_rule_uid__\",\"e7339430-ed3b-47e7-9d3f-3d75b8f5d330\"],[\"alertname\",\"MQTT-Facility Communication Loss Detection\"],[\"fullname\",\"WATERBRIDGE.Central Reeves.CentralReeves_External.CompactLogix01.Load Reduction.Facility.Phase B Current\"],[\"grafana_folder\",\"MQTT alerts\"],[\"site_name\",\"Central Reeves\"]]" state=Normal reason=
logger=ngalert.state.manager rule_uid=e7339430-ed3b-47e7-9d3f-3d75b8f5d330 org_id=1 t=2025-04-29T17:17:00.010099693Z level=info msg="Detected stale state entry" cacheID="[[\"Communications\",\"Older than 5 minutes\"],[\"__alert_rule_namespace_uid__\",\"a2011903-e94e-4a19-81d3-7654b87e5079\"],[\"__alert_rule_uid__\",\"e7339430-ed3b-47e7-9d3f-3d75b8f5d330\"],[\"alertname\",\"MQTT-Facility Communication Loss Detection\"],[\"fullname\",\"WATERBRIDGE.Eclipse.Eclipse_External.CompactLogix01.Load Reduction.Facility.Participate_Sts\"],[\"grafana_folder\",\"MQTT alerts\"],[\"site_name\",\"Eclipse\"]]" state=Normal reason=
logger=ngalert.state.manager rule_uid=e7339430-ed3b-47e7-9d3f-3d75b8f5d330 org_id=1 t=2025-04-29T17:17:00.010146062Z level=info msg="Detected stale state entry" cacheID="[[\"Communications\",\"Older than 5 minutes\"],[\"__alert_rule_namespace_uid__\",\"a2011903-e94e-4a19-81d3-7654b87e5079\"],[\"__alert_rule_uid__\",\"e7339430-ed3b-47e7-9d3f-3d75b8f5d330\"],[\"alertname\",\"MQTT-Facility Communication Loss Detection\"],[\"fullname\",\"WATERBRIDGE.Jet Pilot.JetPilot_External.CompactLogix01.Load Reduction.Facility.UFR\"],[\"grafana_folder\",\"MQTT alerts\"],[\"site_name\",\"Jet Pilot\"]]" state=Normal reason=
logger=ngalert.state.manager rule_uid=e7339430-ed3b-47e7-9d3f-3d75b8f5d330 org_id=1 t=2025-04-29T17:17:00.010178157Z level=info msg="Detected stale state entry" cacheID="[[\"Communications\",\"Older than 5 minutes\"],[\"__alert_rule_namespace_uid__\",\"a2011903-e94e-4a19-81d3-7654b87e5079\"],[\"__alert_rule_uid__\",\"e7339430-ed3b-47e7-9d3f-3d75b8f5d330\"],[\"alertname\",\"MQTT-Facility Communication Loss Detection\"],[\"fullname\",\"WATERBRIDGE.Central Reeves.CentralReeves_External.CompactLogix01.Load Reduction.Facility.Load_Sts\"],[\"grafana_folder\",\"MQTT alerts\"],[\"site_name\",\"Central Reeves\"]]" state=Normal reason=
logger=ngalert.state.manager rule_uid=e7339430-ed3b-47e7-9d3f-3d75b8f5d330 org_id=1 t=2025-04-29T17:17:00.010205735Z level=info msg="Detected stale state entry" cacheID="[[\"Communications\",\"Older than 5 minutes\"],[\"__alert_rule_namespace_uid__\",\"a2011903-e94e-4a19-81d3-7654b87e5079\"],[\"__alert_rule_uid__\",\"e7339430-ed3b-47e7-9d3f-3d75b8f5d330\"],[\"alertname\",\"MQTT-Facility Communication Loss Detection\"],[\"fullname\",\"WATERBRIDGE.Jet Pilot.JetPilot_External.CompactLogix01.Load Reduction.Facility.Active Power\"],[\"grafana_folder\",\"MQTT alerts\"],[\"site_name\",\"Jet Pilot\"]]" state=Normal reason=
logger=ngalert.state.manager rule_uid=e7339430-ed3b-47e7-9d3f-3d75b8f5d330 org_id=1 t=2025-04-29T17:17:00.010230339Z level=info msg="Detected stale state entry" cacheID="[[\"Communications\",\"Older than 5 minutes\"],[\"__alert_rule_namespace_uid__\",\"a2011903-e94e-4a19-81d3-7654b87e5079\"],[\"__alert_rule_uid__\",\"e7339430-ed3b-47e7-9d3f-3d75b8f5d330\"],[\"alertname\",\"MQTT-Facility Communication Loss Detection\"],[\"fullname\",\"WATERBRIDGE.Buckshot.Buckshot_External.CompactLogix01.Load Reduction.Facility.Inhibit_Cmd\"],[\"grafana_folder\",\"MQTT alerts\"],[\"site_name\",\"Buckshot\"]]" state=Normal reason=
logger=ngalert.state.manager rule_uid=e7339430-ed3b-47e7-9d3f-3d75b8f5d330 org_id=1 t=2025-04-29T17:17:00.01025305Z level=info msg="Detected stale state entry" cacheID="[[\"Communications\",\"Older than 5 minutes\"],[\"__alert_rule_namespace_uid__\",\"a2011903-e94e-4a19-81d3-7654b87e5079\"],[\"__alert_rule_uid__\",\"e7339430-ed3b-47e7-9d3f-3d75b8f5d330\"],[\"alertname\",\"MQTT-Facility Communication Loss Detection\"],[\"fullname\",\"WATERBRIDGE.Buckshot.Buckshot_External.CompactLogix01.Load Reduction.Facility.UFR\"],[\"grafana_folder\",\"MQTT alerts\"],[\"site_name\",\"Buckshot\"]]" state=Normal reason=
logger=ngalert.state.manager rule_uid=e7339430-ed3b-47e7-9d3f-3d75b8f5d330 org_id=1 t=2025-04-29T17:17:00.010273182Z level=info msg="Detected stale state entry" cacheID="[[\"Communications\",\"Older than 5 minutes\"],[\"__alert_rule_namespace_uid__\",\"a2011903-e94e-4a19-81d3-7654b87e5079\"],[\"__alert_rule_uid__\",\"e7339430-ed3b-47e7-9d3f-3d75b8f5d330\"],[\"alertname\",\"MQTT-Facility Communication Loss Detection\"],[\"fullname\",\"WATERBRIDGE.Central Reeves.CentralReeves_External.CompactLogix01.Load Reduction.Facility.UFR\"],[\"grafana_folder\",\"MQTT alerts\"],[\"site_name\",\"Central Reeves\"]]" state=Normal reason=
logger=ngalert.state.manager rule_uid=e7339430-ed3b-47e7-9d3f-3d75b8f5d330 org_id=1 t=2025-04-29T17:17:00.010295049Z level=info msg="Detected stale state entry" cacheID="[[\"Communications\",\"Older than 5 minutes\"],[\"__alert_rule_namespace_uid__\",\"a2011903-e94e-4a19-81d3-7654b87e5079\"],[\"__alert_rule_uid__\",\"e7339430-ed3b-47e7-9d3f-3d75b8f5d330\"],[\"alertname\",\"MQTT-Facility Communication Loss Detection\"],[\"fullname\",\"WATERBRIDGE.Citation.Citation_External.CompactLogix01.Load Reduction.Facility.Avg Line Current\"],[\"grafana_folder\",\"MQTT alerts\"],[\"site_name\",\"Citation\"]]" state=Normal reason=
logger=ngalert.state.manager rule_uid=e7339430-ed3b-47e7-9d3f-3d75b8f5d330 org_id=1 t=2025-04-29T17:17:00.010321922Z level=info msg="Detected stale state entry" cacheID="[[\"Communications\",\"Older than 5 minutes\"],[\"__alert_rule_namespace_uid__\",\"a2011903-e94e-4a19-81d3-7654b87e5079\"],[\"__alert_rule_uid__\",\"e7339430-ed3b-47e7-9d3f-3d75b8f5d330\"],[\"alertname\",\"MQTT-Facility Communication Loss Detection\"],[\"fullname\",\"WATERBRIDGE.Fonso.Fonso_External.CompactLogix01.Load Reduction.Facility.Available Curtailment\"],[\"grafana_folder\",\"MQTT alerts\"],[\"site_name\",\"Fonso\"]]" state=Normal reason=
logger=ngalert.state.manager rule_uid=e7339430-ed3b-47e7-9d3f-3d75b8f5d330 org_id=1 t=2025-04-29T17:17:00.010343576Z level=info msg="Detected stale state entry" cacheID="[[\"Communications\",\"Older than 5 minutes\"],[\"__alert_rule_namespace_uid__\",\"a2011903-e94e-4a19-81d3-7654b87e5079\"],[\"__alert_rule_uid__\",\"e7339430-ed3b-47e7-9d3f-3d75b8f5d330\"],[\"alertname\",\"MQTT-Facility Communication Loss Detection\"],[\"fullname\",\"WATERBRIDGE.Citation.Citation_External.CompactLogix01.Load Reduction.Facility.Available Curtailment\"],[\"grafana_folder\",\"MQTT alerts\"],[\"site_name\",\"Citation\"]]" state=Normal reason=
logger=ngalert.state.manager rule_uid=e7339430-ed3b-47e7-9d3f-3d75b8f5d330 org_id=1 t=2025-04-29T17:17:00.01036534Z level=info msg="Detected stale state entry" cacheID="[[\"Communications\",\"Older than 5 minutes\"],[\"__alert_rule_namespace_uid__\",\"a2011903-e94e-4a19-81d3-7654b87e5079\"],[\"__alert_rule_uid__\",\"e7339430-ed3b-47e7-9d3f-3d75b8f5d330\"],[\"alertname\",\"MQTT-Facility Communication Loss Detection\"],[\"fullname\",\"WATERBRIDGE.Fonso.Fonso_External.CompactLogix01.Load Reduction.Facility.Load_Sts\"],[\"grafana_folder\",\"MQTT alerts\"],[\"site_name\",\"Fonso\"]]" state=Normal reason=
logger=ngalert.state.manager rule_uid=e7339430-ed3b-47e7-9d3f-3d75b8f5d330 org_id=1 t=2025-04-29T17:17:00.010387179Z level=info msg="Detected stale state entry" cacheID="[[\"Communications\",\"Older than 5 minutes\"],[\"__alert_rule_namespace_uid__\",\"a2011903-e94e-4a19-81d3-7654b87e5079\"],[\"__alert_rule_uid__\",\"e7339430-ed3b-47e7-9d3f-3d75b8f5d330\"],[\"alertname\",\"MQTT-Facility Communication Loss Detection\"],[\"fullname\",\"WATERBRIDGE.Sea Bird.SeaBird_External.CompactLogix01.Load Reduction.Facility.Avg Line Current\"],[\"grafana_folder\",\"MQTT alerts\"],[\"site_name\",\"Sea Bird\"]]" state=Normal reason=
logger=ngalert.state.manager rule_uid=e7339430-ed3b-47e7-9d3f-3d75b8f5d330 org_id=1 t=2025-04-29T17:17:00.010412446Z level=info msg="Detected stale state entry" cacheID="[[\"Communications\",\"Older than 5 minutes\"],[\"__alert_rule_namespace_uid__\",\"a2011903-e94e-4a19-81d3-7654b87e5079\"],[\"__alert_rule_uid__\",\"e7339430-ed3b-47e7-9d3f-3d75b8f5d330\"],[\"alertname\",\"MQTT-Facility Communication Loss Detection\"],[\"fullname\",\"WATERBRIDGE.Sham.Sham_External.CompactLogix01.Load Reduction.Facility.UFR\"],[\"grafana_folder\",\"MQTT alerts\"],[\"site_name\",\"Sham\"]]" state=Normal reason=
logger=ngalert.state.manager rule_uid=e7339430-ed3b-47e7-9d3f-3d75b8f5d330 org_id=1 t=2025-04-29T17:17:00.010447375Z level=info msg="Detected stale state entry" cacheID="[[\"Communications\",\"Older than 5 minutes\"],[\"__alert_rule_namespace_uid__\",\"a2011903-e94e-4a19-81d3-7654b87e5079\"],[\"__alert_rule_uid__\",\"e7339430-ed3b-47e7-9d3f-3d75b8f5d330\"],[\"alertname\",\"MQTT-Facility Communication Loss Detection\"],[\"fullname\",\"WATERBRIDGE.Fonso.Fonso_External.CompactLogix01.Load Reduction.Facility.Frequency\"],[\"grafana_folder\",\"MQTT alerts\"],[\"site_name\",\"Fonso\"]]" state=Normal reason=
logger=ngalert.state.manager rule_uid=e7339430-ed3b-47e7-9d3f-3d75b8f5d330 org_id=1 t=2025-04-29T17:17:00.010470894Z level=info msg="Detected stale state entry" cacheID="[[\"Communications\",\"Older than 5 minutes\"],[\"__alert_rule_namespace_uid__\",\"a2011903-e94e-4a19-81d3-7654b87e5079\"],[\"__alert_rule_uid__\",\"e7339430-ed3b-47e7-9d3f-3d75b8f5d330\"],[\"alertname\",\"MQTT-Facility Communication Loss Detection\"],[\"fullname\",\"WATERBRIDGE.Jet Pilot.JetPilot_External.CompactLogix01.Load Reduction.Facility.Net Energy\"],[\"grafana_folder\",\"MQTT alerts\"],[\"site_name\",\"Jet Pilot\"]]" state=Normal reason=
logger=ngalert.state.manager rule_uid=e7339430-ed3b-47e7-9d3f-3d75b8f5d330 org_id=1 t=2025-04-29T17:17:00.010500593Z level=info msg="Detected stale state entry" cacheID="[[\"Communications\",\"Older than 5 minutes\"],[\"__alert_rule_namespace_uid__\",\"a2011903-e94e-4a19-81d3-7654b87e5079\"],[\"__alert_rule_uid__\",\"e7339430-ed3b-47e7-9d3f-3d75b8f5d330\"],[\"alertname\",\"MQTT-Facility Communication Loss Detection\"],[\"fullname\",\"WATERBRIDGE.EasyJet.EasyJet_External.CompactLogix01.Load Reduction.Facility.Tag\"],[\"grafana_folder\",\"MQTT alerts\"],[\"site_name\",\"EasyJet\"]]" state=Normal reason=
logger=ngalert.state.manager rule_uid=e7339430-ed3b-47e7-9d3f-3d75b8f5d330 org_id=1 t=2025-04-29T17:17:00.010523587Z level=info msg="Detected stale state entry" cacheID="[[\"Communications\",\"Older than 5 minutes\"],[\"__alert_rule_namespace_uid__\",\"a2011903-e94e-4a19-81d3-7654b87e5079\"],[\"__alert_rule_uid__\",\"e7339430-ed3b-47e7-9d3f-3d75b8f5d330\"],[\"alertname\",\"MQTT-Facility Communication Loss Detection\"],[\"fullname\",\"WATERBRIDGE.Rayburn.Rayburn_External.CompactLogix01.Load Reduction.Facility.Phase C Current\"],[\"grafana_folder\",\"MQTT alerts\"],[\"site_name\",\"Rayburn\"]]" state=Normal reason=
logger=ngalert.state.manager rule_uid=e7339430-ed3b-47e7-9d3f-3d75b8f5d330 org_id=1 t=2025-04-29T17:17:00.010542976Z level=info msg="Detected stale state entry" cacheID="[[\"Communications\",\"Older than 5 minutes\"],[\"__alert_rule_namespace_uid__\",\"a2011903-e94e-4a19-81d3-7654b87e5079\"],[\"__alert_rule_uid__\",\"e7339430-ed3b-47e7-9d3f-3d75b8f5d330\"],[\"alertname\",\"MQTT-Facility Communication Loss Detection\"],[\"fullname\",\"WATERBRIDGE.Swale.Swale_External.CompactLogix01.Load Reduction.Facility.Inhibit_Cmd\"],[\"grafana_folder\",\"MQTT alerts\"],[\"site_name\",\"Swale\"]]" state=Normal reason=
logger=ngalert.state.manager rule_uid=e7339430-ed3b-47e7-9d3f-3d75b8f5d330 org_id=1 t=2025-04-29T17:17:00.010566006Z level=info msg="Detected stale state entry" cacheID="[[\"Communications\",\"Older than 5 minutes\"],[\"__alert_rule_namespace_uid__\",\"a2011903-e94e-4a19-81d3-7654b87e5079\"],[\"__alert_rule_uid__\",\"e7339430-ed3b-47e7-9d3f-3d75b8f5d330\"],[\"alertname\",\"MQTT-Facility Communication Loss Detection\"],[\"fullname\",\"WATERBRIDGE.Cotton Gin.CottonGin_External.CompactLogix01.Load Reduction.Facility.Participate_Sts\"],[\"grafana_folder\",\"MQTT alerts\"],[\"site_name\",\"Cotton Gin\"]]" state=Normal reason=
logger=ngalert.state.manager rule_uid=e7339430-ed3b-47e7-9d3f-3d75b8f5d330 org_id=1 t=2025-04-29T17:17:00.010584015Z level=info msg="Detected stale state entry" cacheID="[[\"Communications\",\"Older than 5 minutes\"],[\"__alert_rule_namespace_uid__\",\"a2011903-e94e-4a19-81d3-7654b87e5079\"],[\"__alert_rule_uid__\",\"e7339430-ed3b-47e7-9d3f-3d75b8f5d330\"],[\"alertname\",\"MQTT-Facility Communication Loss Detection\"],[\"fullname\",\"WATERBRIDGE.Boreas.Boreas_External.CompactLogix01.Load Reduction.Facility.UFR\"],[\"grafana_folder\",\"MQTT alerts\"],[\"site_name\",\"Boreas\"]]" state=Normal reason=
logger=ngalert.state.manager rule_uid=e7339430-ed3b-47e7-9d3f-3d75b8f5d330 org_id=1 t=2025-04-29T17:17:00.010603026Z level=info msg="Detected stale state entry" cacheID="[[\"Communications\",\"Older than 5 minutes\"],[\"__alert_rule_namespace_uid__\",\"a2011903-e94e-4a19-81d3-7654b87e5079\"],[\"__alert_rule_uid__\",\"e7339430-ed3b-47e7-9d3f-3d75b8f5d330\"],[\"alertname\",\"MQTT-Facility Communication Loss Detection\"],[\"fullname\",\"WATERBRIDGE.Sea Bird.SeaBird_External.CompactLogix01.Load Reduction.Facility.Inhibit_Cmd\"],[\"grafana_folder\",\"MQTT alerts\"],[\"site_name\",\"Sea Bird\"]]" state=Normal reason=
logger=ngalert.state.manager rule_uid=e7339430-ed3b-47e7-9d3f-3d75b8f5d330 org_id=1 t=2025-04-29T17:17:00.010626105Z level=info msg="Detected stale state entry" cacheID="[[\"Communications\",\"Older than 5 minutes\"],[\"__alert_rule_namespace_uid__\",\"a2011903-e94e-4a19-81d3-7654b87e5079\"],[\"__alert_rule_uid__\",\"e7339430-ed3b-47e7-9d3f-3d75b8f5d330\"],[\"alertname\",\"MQTT-Facility Communication Loss Detection\"],[\"fullname\",\"WATERBRIDGE.Sea Bird.SeaBird_External.CompactLogix01.Load Reduction.Facility.Load_Sts\"],[\"grafana_folder\",\"MQTT alerts\"],[\"site_name\",\"Sea Bird\"]]" state=Normal reason=
logger=ngalert.state.manager rule_uid=e7339430-ed3b-47e7-9d3f-3d75b8f5d330 org_id=1 t=2025-04-29T17:17:00.010647404Z level=info msg="Detected stale state entry" cacheID="[[\"Communications\",\"Older than 5 minutes\"],[\"__alert_rule_namespace_uid__\",\"a2011903-e94e-4a19-81d3-7654b87e5079\"],[\"__alert_rule_uid__\",\"e7339430-ed3b-47e7-9d3f-3d75b8f5d330\"],[\"alertname\",\"MQTT-Facility Communication Loss Detection\"],[\"fullname\",\"WATERBRIDGE.Boreas.Boreas_External.CompactLogix01.Load Reduction.Facility.Phase A Current\"],[\"grafana_folder\",\"MQTT alerts\"],[\"site_name\",\"Boreas\"]]" state=Normal reason=
logger=ngalert.state.manager rule_uid=e7339430-ed3b-47e7-9d3f-3d75b8f5d330 org_id=1 t=2025-04-29T17:17:00.010668444Z level=info msg="Detected stale state entry" cacheID="[[\"Communications\",\"Older than 5 minutes\"],[\"__alert_rule_namespace_uid__\",\"a2011903-e94e-4a19-81d3-7654b87e5079\"],[\"__alert_rule_uid__\",\"e7339430-ed3b-47e7-9d3f-3d75b8f5d330\"],[\"alertname\",\"MQTT-Facility Communication Loss Detection\"],[\"fullname\",\"WATERBRIDGE.Central Reeves.CentralReeves_External.CompactLogix01.Load Reduction.Facility.Net Energy\"],[\"grafana_folder\",\"MQTT alerts\"],[\"site_name\",\"Central Reeves\"]]" state=Normal reason=
logger=ngalert.state.manager rule_uid=e7339430-ed3b-47e7-9d3f-3d75b8f5d330 org_id=1 t=2025-04-29T17:17:00.010687978Z level=info msg="Detected stale state entry" cacheID="[[\"Communications\",\"Older than 5 minutes\"],[\"__alert_rule_namespace_uid__\",\"a2011903-e94e-4a19-81d3-7654b87e5079\"],[\"__alert_rule_uid__\",\"e7339430-ed3b-47e7-9d3f-3d75b8f5d330\"],[\"alertname\",\"MQTT-Facility Communication Loss Detection\"],[\"fullname\",\"WATERBRIDGE.Central Reeves.CentralReeves_External.CompactLogix01.Load Reduction.Facility.Inhibit_Sts\"],[\"grafana_folder\",\"MQTT alerts\"],[\"site_name\",\"Central Reeves\"]]" state=Normal reason=
logger=ngalert.state.manager rule_uid=e7339430-ed3b-47e7-9d3f-3d75b8f5d330 org_id=1 t=2025-04-29T17:17:00.010708117Z level=info msg="Detected stale state entry" cacheID="[[\"Communications\",\"Older than 5 minutes\"],[\"__alert_rule_namespace_uid__\",\"a2011903-e94e-4a19-81d3-7654b87e5079\"],[\"__alert_rule_uid__\",\"e7339430-ed3b-47e7-9d3f-3d75b8f5d330\"],[\"alertname\",\"MQTT-Facility Communication Loss Detection\"],[\"fullname\",\"WATERBRIDGE.Eclipse.Eclipse_External.CompactLogix01.Load Reduction.Facility.Inhibit_Cmd\"],[\"grafana_folder\",\"MQTT alerts\"],[\"site_name\",\"Eclipse\"]]" state=Normal reason=
logger=ngalert.state.manager rule_uid=e7339430-ed3b-47e7-9d3f-3d75b8f5d330 org_id=1 t=2025-04-29T17:17:00.010740484Z level=info msg="Detected stale state entry" cacheID="[[\"Communications\",\"Older than 5 minutes\"],[\"__alert_rule_namespace_uid__\",\"a2011903-e94e-4a19-81d3-7654b87e5079\"],[\"__alert_rule_uid__\",\"e7339430-ed3b-47e7-9d3f-3d75b8f5d330\"],[\"alertname\",\"MQTT-Facility Communication Loss Detection\"],[\"fullname\",\"WATERBRIDGE.ORB SWD.Orb_External.CompactLogix01.Load Reduction.Facility.Phase C Current\"],[\"grafana_folder\",\"MQTT alerts\"],[\"site_name\",\"ORB SWD\"]]" state=Normal reason=
logger=ngalert.state.manager rule_uid=e7339430-ed3b-47e7-9d3f-3d75b8f5d330 org_id=1 t=2025-04-29T17:17:00.010760295Z level=info msg="Detected stale state entry" cacheID="[[\"Communications\",\"Older than 5 minutes\"],[\"__alert_rule_namespace_uid__\",\"a2011903-e94e-4a19-81d3-7654b87e5079\"],[\"__alert_rule_uid__\",\"e7339430-ed3b-47e7-9d3f-3d75b8f5d330\"],[\"alertname\",\"MQTT-Facility Communication Loss Detection\"],[\"fullname\",\"WATERBRIDGE.Central Reeves.CentralReeves_External.CompactLogix01.Load Reduction.Facility.Avg Voltage\"],[\"grafana_folder\",\"MQTT alerts\"],[\"site_name\",\"Central Reeves\"]]" state=Normal reason=
logger=ngalert.state.manager rule_uid=e7339430-ed3b-47e7-9d3f-3d75b8f5d330 org_id=1 t=2025-04-29T17:17:00.010805363Z level=info msg="Detected stale state entry" cacheID="[[\"Communications\",\"Older than 5 minutes\"],[\"__alert_rule_namespace_uid__\",\"a2011903-e94e-4a19-81d3-7654b87e5079\"],[\"__alert_rule_uid__\",\"e7339430-ed3b-47e7-9d3f-3d75b8f5d330\"],[\"alertname\",\"MQTT-Facility Communication Loss Detection\"],[\"fullname\",\"WATERBRIDGE.Sea Bird.SeaBird_External.CompactLogix01.Load Reduction.Facility.Tag\"],[\"grafana_folder\",\"MQTT alerts\"],[\"site_name\",\"Sea Bird\"]]" state=Normal reason=
logger=ngalert.state.manager rule_uid=e7339430-ed3b-47e7-9d3f-3d75b8f5d330 org_id=1 t=2025-04-29T17:17:00.010839865Z level=info msg="Detected stale state entry" cacheID="[[\"Communications\",\"Older than 5 minutes\"],[\"__alert_rule_namespace_uid__\",\"a2011903-e94e-4a19-81d3-7654b87e5079\"],[\"__alert_rule_uid__\",\"e7339430-ed3b-47e7-9d3f-3d75b8f5d330\"],[\"alertname\",\"MQTT-Facility Communication Loss Detection\"],[\"fullname\",\"WATERBRIDGE.Sham.Sham_External.CompactLogix01.Load Reduction.Facility.Inhibit_Sts\"],[\"grafana_folder\",\"MQTT alerts\"],[\"site_name\",\"Sham\"]]" state=Normal reason=
logger=ngalert.state.manager rule_uid=e7339430-ed3b-47e7-9d3f-3d75b8f5d330 org_id=1 t=2025-04-29T17:17:00.010864675Z level=info msg="Detected stale state entry" cacheID="[[\"Communications\",\"Older than 5 minutes\"],[\"__alert_rule_namespace_uid__\",\"a2011903-e94e-4a19-81d3-7654b87e5079\"],[\"__alert_rule_uid__\",\"e7339430-ed3b-47e7-9d3f-3d75b8f5d330\"],[\"alertname\",\"MQTT-Facility Communication Loss Detection\"],[\"fullname\",\"WATERBRIDGE.Jet Pilot.JetPilot_External.CompactLogix01.Load Reduction.Facility.Load_Sts\"],[\"grafana_folder\",\"MQTT alerts\"],[\"site_name\",\"Jet Pilot\"]]" state=Normal reason=
logger=ngalert.state.manager rule_uid=e7339430-ed3b-47e7-9d3f-3d75b8f5d330 org_id=1 t=2025-04-29T17:17:00.010887335Z level=info msg="Detected stale state entry" cacheID="[[\"Communications\",\"Older than 5 minutes\"],[\"__alert_rule_namespace_uid__\",\"a2011903-e94e-4a19-81d3-7654b87e5079\"],[\"__alert_rule_uid__\",\"e7339430-ed3b-47e7-9d3f-3d75b8f5d330\"],[\"alertname\",\"MQTT-Facility Communication Loss Detection\"],[\"fullname\",\"WATERBRIDGE.ORB SWD.Orb_External.CompactLogix01.Load Reduction.Facility.Frequency\"],[\"grafana_folder\",\"MQTT alerts\"],[\"site_name\",\"ORB SWD\"]]" state=Normal reason=
logger=ngalert.state.manager rule_uid=e7339430-ed3b-47e7-9d3f-3d75b8f5d330 org_id=1 t=2025-04-29T17:17:00.010910061Z level=info msg="Detected stale state entry" cacheID="[[\"Communications\",\"Older than 5 minutes\"],[\"__alert_rule_namespace_uid__\",\"a2011903-e94e-4a19-81d3-7654b87e5079\"],[\"__alert_rule_uid__\",\"e7339430-ed3b-47e7-9d3f-3d75b8f5d330\"],[\"alertname\",\"MQTT-Facility Communication Loss Detection\"],[\"fullname\",\"WATERBRIDGE.ORB SWD.Orb_External.CompactLogix01.Load Reduction.Facility.UFR\"],[\"grafana_folder\",\"MQTT alerts\"],[\"site_name\",\"ORB SWD\"]]" state=Normal reason=
logger=ngalert.state.manager rule_uid=e7339430-ed3b-47e7-9d3f-3d75b8f5d330 org_id=1 t=2025-04-29T17:17:00.01093218Z level=info msg="Detected stale state entry" cacheID="[[\"Communications\",\"Older than 5 minutes\"],[\"__alert_rule_namespace_uid__\",\"a2011903-e94e-4a19-81d3-7654b87e5079\"],[\"__alert_rule_uid__\",\"e7339430-ed3b-47e7-9d3f-3d75b8f5d330\"],[\"alertname\",\"MQTT-Facility Communication Loss Detection\"],[\"fullname\",\"WATERBRIDGE.Boreas.Boreas_External.CompactLogix01.Load Reduction.Facility.Avg Voltage\"],[\"grafana_folder\",\"MQTT alerts\"],[\"site_name\",\"Boreas\"]]" state=Normal reason=
logger=ngalert.state.manager rule_uid=e7339430-ed3b-47e7-9d3f-3d75b8f5d330 org_id=1 t=2025-04-29T17:17:00.010951536Z level=info msg="Detected stale state entry" cacheID="[[\"Communications\",\"Older than 5 minutes\"],[\"__alert_rule_namespace_uid__\",\"a2011903-e94e-4a19-81d3-7654b87e5079\"],[\"__alert_rule_uid__\",\"e7339430-ed3b-47e7-9d3f-3d75b8f5d330\"],[\"alertname\",\"MQTT-Facility Communication Loss Detection\"],[\"fullname\",\"WATERBRIDGE.EasyJet.EasyJet_External.CompactLogix01.Load Reduction.Facility.Available Curtailment\"],[\"grafana_folder\",\"MQTT alerts\"],[\"site_name\",\"EasyJet\"]]" state=Normal reason=
logger=ngalert.state.manager rule_uid=e7339430-ed3b-47e7-9d3f-3d75b8f5d330 org_id=1 t=2025-04-29T17:17:00.010978169Z level=info msg="Detected stale state entry" cacheID="[[\"Communications\",\"Older than 5 minutes\"],[\"__alert_rule_namespace_uid__\",\"a2011903-e94e-4a19-81d3-7654b87e5079\"],[\"__alert_rule_uid__\",\"e7339430-ed3b-47e7-9d3f-3d75b8f5d330\"],[\"alertname\",\"MQTT-Facility Communication Loss Detection\"],[\"fullname\",\"WATERBRIDGE.Swale.Swale_External.CompactLogix01.Load Reduction.Facility.Net Energy\"],[\"grafana_folder\",\"MQTT alerts\"],[\"site_name\",\"Swale\"]]" state=Normal reason=
logger=ngalert.state.manager rule_uid=e7339430-ed3b-47e7-9d3f-3d75b8f5d330 org_id=1 t=2025-04-29T17:17:00.010998312Z level=info msg="Detected stale state entry" cacheID="[[\"Communications\",\"Older than 5 minutes\"],[\"__alert_rule_namespace_uid__\",\"a2011903-e94e-4a19-81d3-7654b87e5079\"],[\"__alert_rule_uid__\",\"e7339430-ed3b-47e7-9d3f-3d75b8f5d330\"],[\"alertname\",\"MQTT-Facility Communication Loss Detection\"],[\"fullname\",\"WATERBRIDGE.Fonso.Fonso_External.CompactLogix01.Load Reduction.Facility.Net Energy\"],[\"grafana_folder\",\"MQTT alerts\"],[\"site_name\",\"Fonso\"]]" state=Normal reason=
logger=ngalert.state.manager rule_uid=e7339430-ed3b-47e7-9d3f-3d75b8f5d330 org_id=1 t=2025-04-29T17:17:00.01101842Z level=info msg="Detected stale state entry" cacheID="[[\"Communications\",\"Older than 5 minutes\"],[\"__alert_rule_namespace_uid__\",\"a2011903-e94e-4a19-81d3-7654b87e5079\"],[\"__alert_rule_uid__\",\"e7339430-ed3b-47e7-9d3f-3d75b8f5d330\"],[\"alertname\",\"MQTT-Facility Communication Loss Detection\"],[\"fullname\",\"WATERBRIDGE.Swale.Swale_External.CompactLogix01.Load Reduction.Facility.Avg Voltage\"],[\"grafana_folder\",\"MQTT alerts\"],[\"site_name\",\"Swale\"]]" state=Normal reason=
logger=ngalert.state.manager rule_uid=e7339430-ed3b-47e7-9d3f-3d75b8f5d330 org_id=1 t=2025-04-29T17:17:00.011038769Z level=info msg="Detected stale state entry" cacheID="[[\"Communications\",\"Older than 5 minutes\"],[\"__alert_rule_namespace_uid__\",\"a2011903-e94e-4a19-81d3-7654b87e5079\"],[\"__alert_rule_uid__\",\"e7339430-ed3b-47e7-9d3f-3d75b8f5d330\"],[\"alertname\",\"MQTT-Facility Communication Loss Detection\"],[\"fullname\",\"WATERBRIDGE.Jet Pilot.JetPilot_External.CompactLogix01.Load Reduction.Facility.Available Curtailment\"],[\"grafana_folder\",\"MQTT alerts\"],[\"site_name\",\"Jet Pilot\"]]" state=Normal reason=
logger=ngalert.state.manager rule_uid=e7339430-ed3b-47e7-9d3f-3d75b8f5d330 org_id=1 t=2025-04-29T17:17:00.011060915Z level=info msg="Detected stale state entry" cacheID="[[\"Communications\",\"Older than 5 minutes\"],[\"__alert_rule_namespace_uid__\",\"a2011903-e94e-4a19-81d3-7654b87e5079\"],[\"__alert_rule_uid__\",\"e7339430-ed3b-47e7-9d3f-3d75b8f5d330\"],[\"alertname\",\"MQTT-Facility Communication Loss Detection\"],[\"fullname\",\"WATERBRIDGE.Citation.Citation_External.CompactLogix01.Load Reduction.Facility.Inhibit_Cmd\"],[\"grafana_folder\",\"MQTT alerts\"],[\"site_name\",\"Citation\"]]" state=Normal reason=
logger=ngalert.state.manager rule_uid=e7339430-ed3b-47e7-9d3f-3d75b8f5d330 org_id=1 t=2025-04-29T17:17:00.011083522Z level=info msg="Detected stale state entry" cacheID="[[\"Communications\",\"Older than 5 minutes\"],[\"__alert_rule_namespace_uid__\",\"a2011903-e94e-4a19-81d3-7654b87e5079\"],[\"__alert_rule_uid__\",\"e7339430-ed3b-47e7-9d3f-3d75b8f5d330\"],[\"alertname\",\"MQTT-Facility Communication Loss Detection\"],[\"fullname\",\"WATERBRIDGE.Swale.Swale_External.CompactLogix01.Load Reduction.Facility.Avg Line Current\"],[\"grafana_folder\",\"MQTT alerts\"],[\"site_name\",\"Swale\"]]" state=Normal reason=
logger=ngalert.state.manager rule_uid=e7339430-ed3b-47e7-9d3f-3d75b8f5d330 org_id=1 t=2025-04-29T17:17:00.011779506Z level=info msg="Detected stale state entry" cacheID="[[\"Communications\",\"Older than 5 minutes\"],[\"__alert_rule_namespace_uid__\",\"a2011903-e94e-4a19-81d3-7654b87e5079\"],[\"__alert_rule_uid__\",\"e7339430-ed3b-47e7-9d3f-3d75b8f5d330\"],[\"alertname\",\"MQTT-Facility Communication Loss Detection\"],[\"fullname\",\"WATERBRIDGE.Boreas.Boreas_External.CompactLogix01.Load Reduction.Facility.Inhibit_Sts\"],[\"grafana_folder\",\"MQTT alerts\"],[\"site_name\",\"Boreas\"]]" state=Normal reason=
logger=ngalert.state.manager rule_uid=e7339430-ed3b-47e7-9d3f-3d75b8f5d330 org_id=1 t=2025-04-29T17:17:00.011848639Z level=info msg="Detected stale state entry" cacheID="[[\"Communications\",\"Older than 5 minutes\"],[\"__alert_rule_namespace_uid__\",\"a2011903-e94e-4a19-81d3-7654b87e5079\"],[\"__alert_rule_uid__\",\"e7339430-ed3b-47e7-9d3f-3d75b8f5d330\"],[\"alertname\",\"MQTT-Facility Communication Loss Detection\"],[\"fullname\",\"WATERBRIDGE.Boreas.Boreas_External.CompactLogix01.Load Reduction.Facility.Phase C Current\"],[\"grafana_folder\",\"MQTT alerts\"],[\"site_name\",\"Boreas\"]]" state=Normal reason=
logger=ngalert.state.manager rule_uid=e7339430-ed3b-47e7-9d3f-3d75b8f5d330 org_id=1 t=2025-04-29T17:17:00.01187614Z level=info msg="Detected stale state entry" cacheID="[[\"Communications\",\"Older than 5 minutes\"],[\"__alert_rule_namespace_uid__\",\"a2011903-e94e-4a19-81d3-7654b87e5079\"],[\"__alert_rule_uid__\",\"e7339430-ed3b-47e7-9d3f-3d75b8f5d330\"],[\"alertname\",\"MQTT-Facility Communication Loss Detection\"],[\"fullname\",\"WATERBRIDGE.Rayburn.Rayburn_External.CompactLogix01.Load Reduction.Facility.Active Power\"],[\"grafana_folder\",\"MQTT alerts\"],[\"site_name\",\"Rayburn\"]]" state=Normal reason=
logger=ngalert.state.manager rule_uid=e7339430-ed3b-47e7-9d3f-3d75b8f5d330 org_id=1 t=2025-04-29T17:17:00.011899646Z level=info msg="Detected stale state entry" cacheID="[[\"Communications\",\"Older than 5 minutes\"],[\"__alert_rule_namespace_uid__\",\"a2011903-e94e-4a19-81d3-7654b87e5079\"],[\"__alert_rule_uid__\",\"e7339430-ed3b-47e7-9d3f-3d75b8f5d330\"],[\"alertname\",\"MQTT-Facility Communication Loss Detection\"],[\"fullname\",\"WATERBRIDGE.Rayburn.Rayburn_External.CompactLogix01.Load Reduction.Facility.Tag\"],[\"grafana_folder\",\"MQTT alerts\"],[\"site_name\",\"Rayburn\"]]" state=Normal reason=
logger=ngalert.state.manager rule_uid=e7339430-ed3b-47e7-9d3f-3d75b8f5d330 org_id=1 t=2025-04-29T17:17:00.011930399Z level=info msg="Detected stale state entry" cacheID="[[\"Communications\",\"Older than 5 minutes\"],[\"__alert_rule_namespace_uid__\",\"a2011903-e94e-4a19-81d3-7654b87e5079\"],[\"__alert_rule_uid__\",\"e7339430-ed3b-47e7-9d3f-3d75b8f5d330\"],[\"alertname\",\"MQTT-Facility Communication Loss Detection\"],[\"fullname\",\"WATERBRIDGE.Eclipse.Eclipse_External.CompactLogix01.Load Reduction.Facility.UFR\"],[\"grafana_folder\",\"MQTT alerts\"],[\"site_name\",\"Eclipse\"]]" state=Normal reason=
logger=ngalert.state.manager rule_uid=e7339430-ed3b-47e7-9d3f-3d75b8f5d330 org_id=1 t=2025-04-29T17:17:00.011950827Z level=info msg="Detected stale state entry" cacheID="[[\"Communications\",\"Older than 5 minutes\"],[\"__alert_rule_namespace_uid__\",\"a2011903-e94e-4a19-81d3-7654b87e5079\"],[\"__alert_rule_uid__\",\"e7339430-ed3b-47e7-9d3f-3d75b8f5d330\"],[\"alertname\",\"MQTT-Facility Communication Loss Detection\"],[\"fullname\",\"WATERBRIDGE.Swale.Swale_External.CompactLogix01.Load Reduction.Facility.Participate_Sts\"],[\"grafana_folder\",\"MQTT alerts\"],[\"site_name\",\"Swale\"]]" state=Normal reason=
logger=ngalert.state.manager rule_uid=e7339430-ed3b-47e7-9d3f-3d75b8f5d330 org_id=1 t=2025-04-29T17:17:00.011972616Z level=info msg="Detected stale state entry" cacheID="[[\"Communications\",\"Older than 5 minutes\"],[\"__alert_rule_namespace_uid__\",\"a2011903-e94e-4a19-81d3-7654b87e5079\"],[\"__alert_rule_uid__\",\"e7339430-ed3b-47e7-9d3f-3d75b8f5d330\"],[\"alertname\",\"MQTT-Facility Communication Loss Detection\"],[\"fullname\",\"WATERBRIDGE.Cotton Gin.CottonGin_External.CompactLogix01.Load Reduction.Facility.Available Curtailment\"],[\"grafana_folder\",\"MQTT alerts\"],[\"site_name\",\"Cotton Gin\"]]" state=Normal reason=
logger=ngalert.state.manager rule_uid=e7339430-ed3b-47e7-9d3f-3d75b8f5d330 org_id=1 t=2025-04-29T17:17:00.012003079Z level=info msg="Detected stale state entry" cacheID="[[\"Communications\",\"Older than 5 minutes\"],[\"__alert_rule_namespace_uid__\",\"a2011903-e94e-4a19-81d3-7654b87e5079\"],[\"__alert_rule_uid__\",\"e7339430-ed3b-47e7-9d3f-3d75b8f5d330\"],[\"alertname\",\"MQTT-Facility Communication Loss Detection\"],[\"fullname\",\"WATERBRIDGE.Eclipse.Eclipse_External.CompactLogix01.Load Reduction.Facility.Phase C Current\"],[\"grafana_folder\",\"MQTT alerts\"],[\"site_name\",\"Eclipse\"]]" state=Normal reason=
logger=ngalert.state.manager rule_uid=e7339430-ed3b-47e7-9d3f-3d75b8f5d330 org_id=1 t=2025-04-29T17:17:00.012025413Z level=info msg="Detected stale state entry" cacheID="[[\"Communications\",\"Older than 5 minutes\"],[\"__alert_rule_namespace_uid__\",\"a2011903-e94e-4a19-81d3-7654b87e5079\"],[\"__alert_rule_uid__\",\"e7339430-ed3b-47e7-9d3f-3d75b8f5d330\"],[\"alertname\",\"MQTT-Facility Communication Loss Detection\"],[\"fullname\",\"WATERBRIDGE.EasyJet.EasyJet_External.CompactLogix01.Load Reduction.Facility.Exists\"],[\"grafana_folder\",\"MQTT alerts\"],[\"site_name\",\"EasyJet\"]]" state=Normal reason=
logger=ngalert.state.manager rule_uid=e7339430-ed3b-47e7-9d3f-3d75b8f5d330 org_id=1 t=2025-04-29T17:17:00.012046546Z level=info msg="Detected stale state entry" cacheID="[[\"Communications\",\"Older than 5 minutes\"],[\"__alert_rule_namespace_uid__\",\"a2011903-e94e-4a19-81d3-7654b87e5079\"],[\"__alert_rule_uid__\",\"e7339430-ed3b-47e7-9d3f-3d75b8f5d330\"],[\"alertname\",\"MQTT-Facility Communication Loss Detection\"],[\"fullname\",\"WATERBRIDGE.EasyJet.EasyJet_External.CompactLogix01.Load Reduction.Facility.Load_Sts\"],[\"grafana_folder\",\"MQTT alerts\"],[\"site_name\",\"EasyJet\"]]" state=Normal reason=
logger=ngalert.state.manager rule_uid=e7339430-ed3b-47e7-9d3f-3d75b8f5d330 org_id=1 t=2025-04-29T17:17:00.01208516Z level=info msg="Detected stale state entry" cacheID="[[\"Communications\",\"Older than 5 minutes\"],[\"__alert_rule_namespace_uid__\",\"a2011903-e94e-4a19-81d3-7654b87e5079\"],[\"__alert_rule_uid__\",\"e7339430-ed3b-47e7-9d3f-3d75b8f5d330\"],[\"alertname\",\"MQTT-Facility Communication Loss Detection\"],[\"fullname\",\"WATERBRIDGE.Sham.Sham_External.CompactLogix01.Load Reduction.Facility.Available Curtailment\"],[\"grafana_folder\",\"MQTT alerts\"],[\"site_name\",\"Sham\"]]" state=Normal reason=
logger=ngalert.state.manager rule_uid=e7339430-ed3b-47e7-9d3f-3d75b8f5d330 org_id=1 t=2025-04-29T17:17:00.01210642Z level=info msg="Detected stale state entry" cacheID="[[\"Communications\",\"Older than 5 minutes\"],[\"__alert_rule_namespace_uid__\",\"a2011903-e94e-4a19-81d3-7654b87e5079\"],[\"__alert_rule_uid__\",\"e7339430-ed3b-47e7-9d3f-3d75b8f5d330\"],[\"alertname\",\"MQTT-Facility Communication Loss Detection\"],[\"fullname\",\"WATERBRIDGE.Rayburn.Rayburn_External.CompactLogix01.Load Reduction.Facility.Available Curtailment\"],[\"grafana_folder\",\"MQTT alerts\"],[\"site_name\",\"Rayburn\"]]" state=Normal reason=
logger=ngalert.state.manager rule_uid=e7339430-ed3b-47e7-9d3f-3d75b8f5d330 org_id=1 t=2025-04-29T17:17:00.012157659Z level=info msg="Detected stale state entry" cacheID="[[\"Communications\",\"Older than 5 minutes\"],[\"__alert_rule_namespace_uid__\",\"a2011903-e94e-4a19-81d3-7654b87e5079\"],[\"__alert_rule_uid__\",\"e7339430-ed3b-47e7-9d3f-3d75b8f5d330\"],[\"alertname\",\"MQTT-Facility Communication Loss Detection\"],[\"fullname\",\"WATERBRIDGE.Sea Bird.SeaBird_External.CompactLogix01.Load Reduction.Facility.UFR\"],[\"grafana_folder\",\"MQTT alerts\"],[\"site_name\",\"Sea Bird\"]]" state=Normal reason=
logger=ngalert.state.manager rule_uid=e7339430-ed3b-47e7-9d3f-3d75b8f5d330 org_id=1 t=2025-04-29T17:17:00.012178507Z level=info msg="Detected stale state entry" cacheID="[[\"Communications\",\"Older than 5 minutes\"],[\"__alert_rule_namespace_uid__\",\"a2011903-e94e-4a19-81d3-7654b87e5079\"],[\"__alert_rule_uid__\",\"e7339430-ed3b-47e7-9d3f-3d75b8f5d330\"],[\"alertname\",\"MQTT-Facility Communication Loss Detection\"],[\"fullname\",\"WATERBRIDGE.Swale.Swale_External.CompactLogix01.Load Reduction.Facility.Exists\"],[\"grafana_folder\",\"MQTT alerts\"],[\"site_name\",\"Swale\"]]" state=Normal reason=
logger=ngalert.state.manager rule_uid=e7339430-ed3b-47e7-9d3f-3d75b8f5d330 org_id=1 t=2025-04-29T17:17:00.012208045Z level=info msg="Detected stale state entry" cacheID="[[\"Communications\",\"Older than 5 minutes\"],[\"__alert_rule_namespace_uid__\",\"a2011903-e94e-4a19-81d3-7654b87e5079\"],[\"__alert_rule_uid__\",\"e7339430-ed3b-47e7-9d3f-3d75b8f5d330\"],[\"alertname\",\"MQTT-Facility Communication Loss Detection\"],[\"fullname\",\"WATERBRIDGE.ORB SWD.Orb_External.CompactLogix01.Load Reduction.Facility.Avg Voltage\"],[\"grafana_folder\",\"MQTT alerts\"],[\"site_name\",\"ORB SWD\"]]" state=Normal reason=
logger=ngalert.state.manager rule_uid=e7339430-ed3b-47e7-9d3f-3d75b8f5d330 org_id=1 t=2025-04-29T17:17:00.012230782Z level=info msg="Detected stale state entry" cacheID="[[\"Communications\",\"Older than 5 minutes\"],[\"__alert_rule_namespace_uid__\",\"a2011903-e94e-4a19-81d3-7654b87e5079\"],[\"__alert_rule_uid__\",\"e7339430-ed3b-47e7-9d3f-3d75b8f5d330\"],[\"alertname\",\"MQTT-Facility Communication Loss Detection\"],[\"fullname\",\"WATERBRIDGE.Rayburn.Rayburn_External.CompactLogix01.Load Reduction.Facility.Avg Voltage\"],[\"grafana_folder\",\"MQTT alerts\"],[\"site_name\",\"Rayburn\"]]" state=Normal reason=
logger=ngalert.state.manager rule_uid=e7339430-ed3b-47e7-9d3f-3d75b8f5d330 org_id=1 t=2025-04-29T17:17:00.012250662Z level=info msg="Detected stale state entry" cacheID="[[\"Communications\",\"Older than 5 minutes\"],[\"__alert_rule_namespace_uid__\",\"a2011903-e94e-4a19-81d3-7654b87e5079\"],[\"__alert_rule_uid__\",\"e7339430-ed3b-47e7-9d3f-3d75b8f5d330\"],[\"alertname\",\"MQTT-Facility Communication Loss Detection\"],[\"fullname\",\"WATERBRIDGE.Swale.Swale_External.CompactLogix01.Load Reduction.Facility.Tag\"],[\"grafana_folder\",\"MQTT alerts\"],[\"site_name\",\"Swale\"]]" state=Normal reason=
logger=ngalert.state.manager rule_uid=e7339430-ed3b-47e7-9d3f-3d75b8f5d330 org_id=1 t=2025-04-29T17:17:00.012271646Z level=info msg="Detected stale state entry" cacheID="[[\"Communications\",\"Older than 5 minutes\"],[\"__alert_rule_namespace_uid__\",\"a2011903-e94e-4a19-81d3-7654b87e5079\"],[\"__alert_rule_uid__\",\"e7339430-ed3b-47e7-9d3f-3d75b8f5d330\"],[\"alertname\",\"MQTT-Facility Communication Loss Detection\"],[\"fullname\",\"WATERBRIDGE.Cotton Gin.CottonGin_External.CompactLogix01.Load Reduction.Facility.UFR\"],[\"grafana_folder\",\"MQTT alerts\"],[\"site_name\",\"Cotton Gin\"]]" state=Normal reason=
logger=ngalert.state.manager rule_uid=e7339430-ed3b-47e7-9d3f-3d75b8f5d330 org_id=1 t=2025-04-29T17:17:00.01229314Z level=info msg="Detected stale state entry" cacheID="[[\"Communications\",\"Older than 5 minutes\"],[\"__alert_rule_namespace_uid__\",\"a2011903-e94e-4a19-81d3-7654b87e5079\"],[\"__alert_rule_uid__\",\"e7339430-ed3b-47e7-9d3f-3d75b8f5d330\"],[\"alertname\",\"MQTT-Facility Communication Loss Detection\"],[\"fullname\",\"WATERBRIDGE.Fonso.Fonso_External.CompactLogix01.Load Reduction.Facility.Phase C Current\"],[\"grafana_folder\",\"MQTT alerts\"],[\"site_name\",\"Fonso\"]]" state=Normal reason=
logger=ngalert.state.manager rule_uid=e7339430-ed3b-47e7-9d3f-3d75b8f5d330 org_id=1 t=2025-04-29T17:17:00.012314064Z level=info msg="Detected stale state entry" cacheID="[[\"Communications\",\"Older than 5 minutes\"],[\"__alert_rule_namespace_uid__\",\"a2011903-e94e-4a19-81d3-7654b87e5079\"],[\"__alert_rule_uid__\",\"e7339430-ed3b-47e7-9d3f-3d75b8f5d330\"],[\"alertname\",\"MQTT-Facility Communication Loss Detection\"],[\"fullname\",\"WATERBRIDGE.Eclipse.Eclipse_External.CompactLogix01.Load Reduction.Facility.Phase B Current\"],[\"grafana_folder\",\"MQTT alerts\"],[\"site_name\",\"Eclipse\"]]" state=Normal reason=
logger=ngalert.state.manager rule_uid=e7339430-ed3b-47e7-9d3f-3d75b8f5d330 org_id=1 t=2025-04-29T17:17:00.012349479Z level=info msg="Detected stale state entry" cacheID="[[\"Communications\",\"Older than 5 minutes\"],[\"__alert_rule_namespace_uid__\",\"a2011903-e94e-4a19-81d3-7654b87e5079\"],[\"__alert_rule_uid__\",\"e7339430-ed3b-47e7-9d3f-3d75b8f5d330\"],[\"alertname\",\"MQTT-Facility Communication Loss Detection\"],[\"fullname\",\"WATERBRIDGE.Eclipse.Eclipse_External.CompactLogix01.Load Reduction.Facility.Phase A Current\"],[\"grafana_folder\",\"MQTT alerts\"],[\"site_name\",\"Eclipse\"]]" state=Normal reason=
logger=ngalert.state.manager rule_uid=e7339430-ed3b-47e7-9d3f-3d75b8f5d330 org_id=1 t=2025-04-29T17:17:00.01242227Z level=info msg="Detected stale state entry" cacheID="[[\"Communications\",\"Older than 5 minutes\"],[\"__alert_rule_namespace_uid__\",\"a2011903-e94e-4a19-81d3-7654b87e5079\"],[\"__alert_rule_uid__\",\"e7339430-ed3b-47e7-9d3f-3d75b8f5d330\"],[\"alertname\",\"MQTT-Facility Communication Loss Detection\"],[\"fullname\",\"WATERBRIDGE.Fonso.Fonso_External.CompactLogix01.Load Reduction.Facility.Exists\"],[\"grafana_folder\",\"MQTT alerts\"],[\"site_name\",\"Fonso\"]]" state=Normal reason=
logger=ngalert.state.manager rule_uid=e7339430-ed3b-47e7-9d3f-3d75b8f5d330 org_id=1 t=2025-04-29T17:17:00.012457314Z level=info msg="Detected stale state entry" cacheID="[[\"Communications\",\"Older than 5 minutes\"],[\"__alert_rule_namespace_uid__\",\"a2011903-e94e-4a19-81d3-7654b87e5079\"],[\"__alert_rule_uid__\",\"e7339430-ed3b-47e7-9d3f-3d75b8f5d330\"],[\"alertname\",\"MQTT-Facility Communication Loss Detection\"],[\"fullname\",\"WATERBRIDGE.Fonso.Fonso_External.CompactLogix01.Load Reduction.Facility.Inhibit_Sts\"],[\"grafana_folder\",\"MQTT alerts\"],[\"site_name\",\"Fonso\"]]" state=Normal reason=
logger=ngalert.state.manager rule_uid=e7339430-ed3b-47e7-9d3f-3d75b8f5d330 org_id=1 t=2025-04-29T17:17:00.012478521Z level=info msg="Detected stale state entry" cacheID="[[\"Communications\",\"Older than 5 minutes\"],[\"__alert_rule_namespace_uid__\",\"a2011903-e94e-4a19-81d3-7654b87e5079\"],[\"__alert_rule_uid__\",\"e7339430-ed3b-47e7-9d3f-3d75b8f5d330\"],[\"alertname\",\"MQTT-Facility Communication Loss Detection\"],[\"fullname\",\"WATERBRIDGE.ORB SWD.Orb_External.CompactLogix01.Load Reduction.Facility.Tag\"],[\"grafana_folder\",\"MQTT alerts\"],[\"site_name\",\"ORB SWD\"]]" state=Normal reason=
logger=ngalert.state.manager rule_uid=e7339430-ed3b-47e7-9d3f-3d75b8f5d330 org_id=1 t=2025-04-29T17:17:00.012926606Z level=info msg="Detected stale state entry" cacheID="[[\"Communications\",\"Older than 5 minutes\"],[\"__alert_rule_namespace_uid__\",\"a2011903-e94e-4a19-81d3-7654b87e5079\"],[\"__alert_rule_uid__\",\"e7339430-ed3b-47e7-9d3f-3d75b8f5d330\"],[\"alertname\",\"MQTT-Facility Communication Loss Detection\"],[\"fullname\",\"WATERBRIDGE.Jet Pilot.JetPilot_External.CompactLogix01.Load Reduction.Facility.Avg Line Current\"],[\"grafana_folder\",\"MQTT alerts\"],[\"site_name\",\"Jet Pilot\"]]" state=Normal reason=
logger=ngalert.state.manager rule_uid=e7339430-ed3b-47e7-9d3f-3d75b8f5d330 org_id=1 t=2025-04-29T17:17:00.012950601Z level=info msg="Detected stale state entry" cacheID="[[\"Communications\",\"Older than 5 minutes\"],[\"__alert_rule_namespace_uid__\",\"a2011903-e94e-4a19-81d3-7654b87e5079\"],[\"__alert_rule_uid__\",\"e7339430-ed3b-47e7-9d3f-3d75b8f5d330\"],[\"alertname\",\"MQTT-Facility Communication Loss Detection\"],[\"fullname\",\"WATERBRIDGE.Boreas.Boreas_External.CompactLogix01.Load Reduction.Facility.Exists\"],[\"grafana_folder\",\"MQTT alerts\"],[\"site_name\",\"Boreas\"]]" state=Normal reason=
logger=ngalert.state.manager rule_uid=e7339430-ed3b-47e7-9d3f-3d75b8f5d330 org_id=1 t=2025-04-29T17:17:00.012974651Z level=info msg="Detected stale state entry" cacheID="[[\"Communications\",\"Older than 5 minutes\"],[\"__alert_rule_namespace_uid__\",\"a2011903-e94e-4a19-81d3-7654b87e5079\"],[\"__alert_rule_uid__\",\"e7339430-ed3b-47e7-9d3f-3d75b8f5d330\"],[\"alertname\",\"MQTT-Facility Communication Loss Detection\"],[\"fullname\",\"WATERBRIDGE.Rayburn.Rayburn_External.CompactLogix01.Load Reduction.Facility.Load_Sts\"],[\"grafana_folder\",\"MQTT alerts\"],[\"site_name\",\"Rayburn\"]]" state=Normal reason=
logger=ngalert.state.manager rule_uid=e7339430-ed3b-47e7-9d3f-3d75b8f5d330 org_id=1 t=2025-04-29T17:17:00.013005948Z level=info msg="Detected stale state entry" cacheID="[[\"Communications\",\"Older than 5 minutes\"],[\"__alert_rule_namespace_uid__\",\"a2011903-e94e-4a19-81d3-7654b87e5079\"],[\"__alert_rule_uid__\",\"e7339430-ed3b-47e7-9d3f-3d75b8f5d330\"],[\"alertname\",\"MQTT-Facility Communication Loss Detection\"],[\"fullname\",\"WATERBRIDGE.EasyJet.EasyJet_External.CompactLogix01.Load Reduction.Facility.Avg Voltage\"],[\"grafana_folder\",\"MQTT alerts\"],[\"site_name\",\"EasyJet\"]]" state=Normal reason=
logger=ngalert.state.manager rule_uid=e7339430-ed3b-47e7-9d3f-3d75b8f5d330 org_id=1 t=2025-04-29T17:17:00.013026309Z level=info msg="Detected stale state entry" cacheID="[[\"Communications\",\"Older than 5 minutes\"],[\"__alert_rule_namespace_uid__\",\"a2011903-e94e-4a19-81d3-7654b87e5079\"],[\"__alert_rule_uid__\",\"e7339430-ed3b-47e7-9d3f-3d75b8f5d330\"],[\"alertname\",\"MQTT-Facility Communication Loss Detection\"],[\"fullname\",\"WATERBRIDGE.Central Reeves.CentralReeves_External.CompactLogix01.Load Reduction.Facility.Phase A Current\"],[\"grafana_folder\",\"MQTT alerts\"],[\"site_name\",\"Central Reeves\"]]" state=Normal reason=
logger=ngalert.state.manager rule_uid=e7339430-ed3b-47e7-9d3f-3d75b8f5d330 org_id=1 t=2025-04-29T17:17:00.013046694Z level=info msg="Detected stale state entry" cacheID="[[\"Communications\",\"Older than 5 minutes\"],[\"__alert_rule_namespace_uid__\",\"a2011903-e94e-4a19-81d3-7654b87e5079\"],[\"__alert_rule_uid__\",\"e7339430-ed3b-47e7-9d3f-3d75b8f5d330\"],[\"alertname\",\"MQTT-Facility Communication Loss Detection\"],[\"fullname\",\"WATERBRIDGE.Sham.Sham_External.CompactLogix01.Load Reduction.Facility.Inhibit_Cmd\"],[\"grafana_folder\",\"MQTT alerts\"],[\"site_name\",\"Sham\"]]" state=Normal reason=
logger=ngalert.state.manager rule_uid=e7339430-ed3b-47e7-9d3f-3d75b8f5d330 org_id=1 t=2025-04-29T17:17:00.013066554Z level=info msg="Detected stale state entry" cacheID="[[\"Communications\",\"Older than 5 minutes\"],[\"__alert_rule_namespace_uid__\",\"a2011903-e94e-4a19-81d3-7654b87e5079\"],[\"__alert_rule_uid__\",\"e7339430-ed3b-47e7-9d3f-3d75b8f5d330\"],[\"alertname\",\"MQTT-Facility Communication Loss Detection\"],[\"fullname\",\"WATERBRIDGE.Boreas.Boreas_External.CompactLogix01.Load Reduction.Facility.Net Energy\"],[\"grafana_folder\",\"MQTT alerts\"],[\"site_name\",\"Boreas\"]]" state=Normal reason=
logger=ngalert.state.manager rule_uid=e7339430-ed3b-47e7-9d3f-3d75b8f5d330 org_id=1 t=2025-04-29T17:17:00.013089677Z level=info msg="Detected stale state entry" cacheID="[[\"Communications\",\"Older than 5 minutes\"],[\"__alert_rule_namespace_uid__\",\"a2011903-e94e-4a19-81d3-7654b87e5079\"],[\"__alert_rule_uid__\",\"e7339430-ed3b-47e7-9d3f-3d75b8f5d330\"],[\"alertname\",\"MQTT-Facility Communication Loss Detection\"],[\"fullname\",\"WATERBRIDGE.Boreas.Boreas_External.CompactLogix01.Load Reduction.Facility.Participate_Sts\"],[\"grafana_folder\",\"MQTT alerts\"],[\"site_name\",\"Boreas\"]]" state=Normal reason=
logger=ngalert.state.manager rule_uid=e7339430-ed3b-47e7-9d3f-3d75b8f5d330 org_id=1 t=2025-04-29T17:17:00.013130161Z level=info msg="Detected stale state entry" cacheID="[[\"Communications\",\"Older than 5 minutes\"],[\"__alert_rule_namespace_uid__\",\"a2011903-e94e-4a19-81d3-7654b87e5079\"],[\"__alert_rule_uid__\",\"e7339430-ed3b-47e7-9d3f-3d75b8f5d330\"],[\"alertname\",\"MQTT-Facility Communication Loss Detection\"],[\"fullname\",\"WATERBRIDGE.Fonso.Fonso_External.CompactLogix01.Load Reduction.Facility.Tag\"],[\"grafana_folder\",\"MQTT alerts\"],[\"site_name\",\"Fonso\"]]" state=Normal reason=
logger=ngalert.state.manager rule_uid=e7339430-ed3b-47e7-9d3f-3d75b8f5d330 org_id=1 t=2025-04-29T17:17:00.013156059Z level=info msg="Detected stale state entry" cacheID="[[\"Communications\",\"Older than 5 minutes\"],[\"__alert_rule_namespace_uid__\",\"a2011903-e94e-4a19-81d3-7654b87e5079\"],[\"__alert_rule_uid__\",\"e7339430-ed3b-47e7-9d3f-3d75b8f5d330\"],[\"alertname\",\"MQTT-Facility Communication Loss Detection\"],[\"fullname\",\"WATERBRIDGE.Rayburn.Rayburn_External.CompactLogix01.Load Reduction.Facility.Frequency\"],[\"grafana_folder\",\"MQTT alerts\"],[\"site_name\",\"Rayburn\"]]" state=Normal reason=
logger=ngalert.state.manager rule_uid=e7339430-ed3b-47e7-9d3f-3d75b8f5d330 org_id=1 t=2025-04-29T17:17:00.013181797Z level=info msg="Detected stale state entry" cacheID="[[\"Communications\",\"Older than 5 minutes\"],[\"__alert_rule_namespace_uid__\",\"a2011903-e94e-4a19-81d3-7654b87e5079\"],[\"__alert_rule_uid__\",\"e7339430-ed3b-47e7-9d3f-3d75b8f5d330\"],[\"alertname\",\"MQTT-Facility Communication Loss Detection\"],[\"fullname\",\"WATERBRIDGE.Rayburn.Rayburn_External.CompactLogix01.Load Reduction.Facility.Participate_Sts\"],[\"grafana_folder\",\"MQTT alerts\"],[\"site_name\",\"Rayburn\"]]" state=Normal reason=
logger=ngalert.state.manager rule_uid=e7339430-ed3b-47e7-9d3f-3d75b8f5d330 org_id=1 t=2025-04-29T17:17:00.013203163Z level=info msg="Detected stale state entry" cacheID="[[\"Communications\",\"Older than 5 minutes\"],[\"__alert_rule_namespace_uid__\",\"a2011903-e94e-4a19-81d3-7654b87e5079\"],[\"__alert_rule_uid__\",\"e7339430-ed3b-47e7-9d3f-3d75b8f5d330\"],[\"alertname\",\"MQTT-Facility Communication Loss Detection\"],[\"fullname\",\"WATERBRIDGE.Boreas.Boreas_External.CompactLogix01.Load Reduction.Facility.Available Curtailment\"],[\"grafana_folder\",\"MQTT alerts\"],[\"site_name\",\"Boreas\"]]" state=Normal reason=
logger=ngalert.state.manager rule_uid=e7339430-ed3b-47e7-9d3f-3d75b8f5d330 org_id=1 t=2025-04-29T17:17:00.01323357Z level=info msg="Detected stale state entry" cacheID="[[\"Communications\",\"Older than 5 minutes\"],[\"__alert_rule_namespace_uid__\",\"a2011903-e94e-4a19-81d3-7654b87e5079\"],[\"__alert_rule_uid__\",\"e7339430-ed3b-47e7-9d3f-3d75b8f5d330\"],[\"alertname\",\"MQTT-Facility Communication Loss Detection\"],[\"fullname\",\"WATERBRIDGE.Central Reeves.CentralReeves_External.CompactLogix01.Load Reduction.Facility.Phase C Current\"],[\"grafana_folder\",\"MQTT alerts\"],[\"site_name\",\"Central Reeves\"]]" state=Normal reason=
logger=ngalert.state.manager rule_uid=e7339430-ed3b-47e7-9d3f-3d75b8f5d330 org_id=1 t=2025-04-29T17:17:00.013254523Z level=info msg="Detected stale state entry" cacheID="[[\"Communications\",\"Older than 5 minutes\"],[\"__alert_rule_namespace_uid__\",\"a2011903-e94e-4a19-81d3-7654b87e5079\"],[\"__alert_rule_uid__\",\"e7339430-ed3b-47e7-9d3f-3d75b8f5d330\"],[\"alertname\",\"MQTT-Facility Communication Loss Detection\"],[\"fullname\",\"WATERBRIDGE.Swale.Swale_External.CompactLogix01.Load Reduction.Facility.Load_Sts\"],[\"grafana_folder\",\"MQTT alerts\"],[\"site_name\",\"Swale\"]]" state=Normal reason=
logger=ngalert.state.manager rule_uid=e7339430-ed3b-47e7-9d3f-3d75b8f5d330 org_id=1 t=2025-04-29T17:17:00.013273899Z level=info msg="Detected stale state entry" cacheID="[[\"Communications\",\"Older than 5 minutes\"],[\"__alert_rule_namespace_uid__\",\"a2011903-e94e-4a19-81d3-7654b87e5079\"],[\"__alert_rule_uid__\",\"e7339430-ed3b-47e7-9d3f-3d75b8f5d330\"],[\"alertname\",\"MQTT-Facility Communication Loss Detection\"],[\"fullname\",\"WATERBRIDGE.Rayburn.Rayburn_External.CompactLogix01.Load Reduction.Facility.Net Energy\"],[\"grafana_folder\",\"MQTT alerts\"],[\"site_name\",\"Rayburn\"]]" state=Normal reason=
logger=ngalert.state.manager rule_uid=e7339430-ed3b-47e7-9d3f-3d75b8f5d330 org_id=1 t=2025-04-29T17:17:00.013472231Z level=info msg="Detected stale state entry" cacheID="[[\"Communications\",\"Older than 5 minutes\"],[\"__alert_rule_namespace_uid__\",\"a2011903-e94e-4a19-81d3-7654b87e5079\"],[\"__alert_rule_uid__\",\"e7339430-ed3b-47e7-9d3f-3d75b8f5d330\"],[\"alertname\",\"MQTT-Facility Communication Loss Detection\"],[\"fullname\",\"WATERBRIDGE.Central Reeves.CentralReeves_External.CompactLogix01.Load Reduction.Facility.Avg Line Current\"],[\"grafana_folder\",\"MQTT alerts\"],[\"site_name\",\"Central Reeves\"]]" state=Normal reason=
logger=ngalert.state.manager rule_uid=e7339430-ed3b-47e7-9d3f-3d75b8f5d330 org_id=1 t=2025-04-29T17:17:00.013503154Z level=info msg="Detected stale state entry" cacheID="[[\"Communications\",\"Older than 5 minutes\"],[\"__alert_rule_namespace_uid__\",\"a2011903-e94e-4a19-81d3-7654b87e5079\"],[\"__alert_rule_uid__\",\"e7339430-ed3b-47e7-9d3f-3d75b8f5d330\"],[\"alertname\",\"MQTT-Facility Communication Loss Detection\"],[\"fullname\",\"WATERBRIDGE.ORB SWD.Orb_External.CompactLogix01.Load Reduction.Facility.Active Power\"],[\"grafana_folder\",\"MQTT alerts\"],[\"site_name\",\"ORB SWD\"]]" state=Normal reason=
logger=ngalert.state.manager rule_uid=e7339430-ed3b-47e7-9d3f-3d75b8f5d330 org_id=1 t=2025-04-29T17:17:00.013524084Z level=info msg="Detected stale state entry" cacheID="[[\"Communications\",\"Older than 5 minutes\"],[\"__alert_rule_namespace_uid__\",\"a2011903-e94e-4a19-81d3-7654b87e5079\"],[\"__alert_rule_uid__\",\"e7339430-ed3b-47e7-9d3f-3d75b8f5d330\"],[\"alertname\",\"MQTT-Facility Communication Loss Detection\"],[\"fullname\",\"WATERBRIDGE.EasyJet.EasyJet_External.CompactLogix01.Load Reduction.Facility.Inhibit_Cmd\"],[\"grafana_folder\",\"MQTT alerts\"],[\"site_name\",\"EasyJet\"]]" state=Normal reason=
logger=ngalert.state.manager rule_uid=e7339430-ed3b-47e7-9d3f-3d75b8f5d330 org_id=1 t=2025-04-29T17:17:00.013550167Z level=info msg="Detected stale state entry" cacheID="[[\"Communications\",\"Older than 5 minutes\"],[\"__alert_rule_namespace_uid__\",\"a2011903-e94e-4a19-81d3-7654b87e5079\"],[\"__alert_rule_uid__\",\"e7339430-ed3b-47e7-9d3f-3d75b8f5d330\"],[\"alertname\",\"MQTT-Facility Communication Loss Detection\"],[\"fullname\",\"WATERBRIDGE.Central Reeves.CentralReeves_External.CompactLogix01.Load Reduction.Facility.Frequency\"],[\"grafana_folder\",\"MQTT alerts\"],[\"site_name\",\"Central Reeves\"]]" state=Normal reason=
logger=ngalert.state.manager rule_uid=e7339430-ed3b-47e7-9d3f-3d75b8f5d330 org_id=1 t=2025-04-29T17:17:00.01357155Z level=info msg="Detected stale state entry" cacheID="[[\"Communications\",\"Older than 5 minutes\"],[\"__alert_rule_namespace_uid__\",\"a2011903-e94e-4a19-81d3-7654b87e5079\"],[\"__alert_rule_uid__\",\"e7339430-ed3b-47e7-9d3f-3d75b8f5d330\"],[\"alertname\",\"MQTT-Facility Communication Loss Detection\"],[\"fullname\",\"WATERBRIDGE.Fonso.Fonso_External.CompactLogix01.Load Reduction.Facility.Phase A Current\"],[\"grafana_folder\",\"MQTT alerts\"],[\"site_name\",\"Fonso\"]]" state=Normal reason=
logger=ngalert.state.manager rule_uid=e7339430-ed3b-47e7-9d3f-3d75b8f5d330 org_id=1 t=2025-04-29T17:17:00.013593276Z level=info msg="Detected stale state entry" cacheID="[[\"Communications\",\"Older than 5 minutes\"],[\"__alert_rule_namespace_uid__\",\"a2011903-e94e-4a19-81d3-7654b87e5079\"],[\"__alert_rule_uid__\",\"e7339430-ed3b-47e7-9d3f-3d75b8f5d330\"],[\"alertname\",\"MQTT-Facility Communication Loss Detection\"],[\"fullname\",\"WATERBRIDGE.Rayburn.Rayburn_External.CompactLogix01.Load Reduction.Facility.Avg Line Current\"],[\"grafana_folder\",\"MQTT alerts\"],[\"site_name\",\"Rayburn\"]]" state=Normal reason=
logger=ngalert.state.manager rule_uid=e7339430-ed3b-47e7-9d3f-3d75b8f5d330 org_id=1 t=2025-04-29T17:17:00.013613755Z level=info msg="Detected stale state entry" cacheID="[[\"Communications\",\"Older than 5 minutes\"],[\"__alert_rule_namespace_uid__\",\"a2011903-e94e-4a19-81d3-7654b87e5079\"],[\"__alert_rule_uid__\",\"e7339430-ed3b-47e7-9d3f-3d75b8f5d330\"],[\"alertname\",\"MQTT-Facility Communication Loss Detection\"],[\"fullname\",\"WATERBRIDGE.Eclipse.Eclipse_External.CompactLogix01.Load Reduction.Facility.Net Energy\"],[\"grafana_folder\",\"MQTT alerts\"],[\"site_name\",\"Eclipse\"]]" state=Normal reason=
logger=ngalert.state.manager rule_uid=e7339430-ed3b-47e7-9d3f-3d75b8f5d330 org_id=1 t=2025-04-29T17:17:00.013636425Z level=info msg="Detected stale state entry" cacheID="[[\"Communications\",\"Older than 5 minutes\"],[\"__alert_rule_namespace_uid__\",\"a2011903-e94e-4a19-81d3-7654b87e5079\"],[\"__alert_rule_uid__\",\"e7339430-ed3b-47e7-9d3f-3d75b8f5d330\"],[\"alertname\",\"MQTT-Facility Communication Loss Detection\"],[\"fullname\",\"WATERBRIDGE.Eclipse.Eclipse_External.CompactLogix01.Load Reduction.Facility.Load_Sts\"],[\"grafana_folder\",\"MQTT alerts\"],[\"site_name\",\"Eclipse\"]]" state=Normal reason=
logger=ngalert.state.manager rule_uid=e7339430-ed3b-47e7-9d3f-3d75b8f5d330 org_id=1 t=2025-04-29T17:17:00.01366349Z level=info msg="Detected stale state entry" cacheID="[[\"Communications\",\"Older than 5 minutes\"],[\"__alert_rule_namespace_uid__\",\"a2011903-e94e-4a19-81d3-7654b87e5079\"],[\"__alert_rule_uid__\",\"e7339430-ed3b-47e7-9d3f-3d75b8f5d330\"],[\"alertname\",\"MQTT-Facility Communication Loss Detection\"],[\"fullname\",\"WATERBRIDGE.Jet Pilot.JetPilot_External.CompactLogix01.Load Reduction.Facility.Participate_Sts\"],[\"grafana_folder\",\"MQTT alerts\"],[\"site_name\",\"Jet Pilot\"]]" state=Normal reason=
logger=ngalert.state.manager rule_uid=e7339430-ed3b-47e7-9d3f-3d75b8f5d330 org_id=1 t=2025-04-29T17:17:00.013685294Z level=info msg="Detected stale state entry" cacheID="[[\"Communications\",\"Older than 5 minutes\"],[\"__alert_rule_namespace_uid__\",\"a2011903-e94e-4a19-81d3-7654b87e5079\"],[\"__alert_rule_uid__\",\"e7339430-ed3b-47e7-9d3f-3d75b8f5d330\"],[\"alertname\",\"MQTT-Facility Communication Loss Detection\"],[\"fullname\",\"WATERBRIDGE.Boreas.Boreas_External.CompactLogix01.Load Reduction.Facility.Active Power\"],[\"grafana_folder\",\"MQTT alerts\"],[\"site_name\",\"Boreas\"]]" state=Normal reason=
logger=ngalert.state.manager rule_uid=e7339430-ed3b-47e7-9d3f-3d75b8f5d330 org_id=1 t=2025-04-29T17:17:00.013706858Z level=info msg="Detected stale state entry" cacheID="[[\"Communications\",\"Older than 5 minutes\"],[\"__alert_rule_namespace_uid__\",\"a2011903-e94e-4a19-81d3-7654b87e5079\"],[\"__alert_rule_uid__\",\"e7339430-ed3b-47e7-9d3f-3d75b8f5d330\"],[\"alertname\",\"MQTT-Facility Communication Loss Detection\"],[\"fullname\",\"WATERBRIDGE.Boreas.Boreas_External.CompactLogix01.Load Reduction.Facility.Frequency\"],[\"grafana_folder\",\"MQTT alerts\"],[\"site_name\",\"Boreas\"]]" state=Normal reason=
logger=ngalert.state.manager rule_uid=e7339430-ed3b-47e7-9d3f-3d75b8f5d330 org_id=1 t=2025-04-29T17:17:00.013740705Z level=info msg="Detected stale state entry" cacheID="[[\"Communications\",\"Older than 5 minutes\"],[\"__alert_rule_namespace_uid__\",\"a2011903-e94e-4a19-81d3-7654b87e5079\"],[\"__alert_rule_uid__\",\"e7339430-ed3b-47e7-9d3f-3d75b8f5d330\"],[\"alertname\",\"MQTT-Facility Communication Loss Detection\"],[\"fullname\",\"WATERBRIDGE.Boreas.Boreas_External.CompactLogix01.Load Reduction.Facility.Inhibit_Cmd\"],[\"grafana_folder\",\"MQTT alerts\"],[\"site_name\",\"Boreas\"]]" state=Normal reason=
logger=ngalert.state.manager rule_uid=e7339430-ed3b-47e7-9d3f-3d75b8f5d330 org_id=1 t=2025-04-29T17:17:00.013761674Z level=info msg="Detected stale state entry" cacheID="[[\"Communications\",\"Older than 5 minutes\"],[\"__alert_rule_namespace_uid__\",\"a2011903-e94e-4a19-81d3-7654b87e5079\"],[\"__alert_rule_uid__\",\"e7339430-ed3b-47e7-9d3f-3d75b8f5d330\"],[\"alertname\",\"MQTT-Facility Communication Loss Detection\"],[\"fullname\",\"WATERBRIDGE.Citation.Citation_External.CompactLogix01.Load Reduction.Facility.Net Energy\"],[\"grafana_folder\",\"MQTT alerts\"],[\"site_name\",\"Citation\"]]" state=Normal reason=
logger=ngalert.state.manager rule_uid=e7339430-ed3b-47e7-9d3f-3d75b8f5d330 org_id=1 t=2025-04-29T17:17:00.013795967Z level=info msg="Detected stale state entry" cacheID="[[\"Communications\",\"Older than 5 minutes\"],[\"__alert_rule_namespace_uid__\",\"a2011903-e94e-4a19-81d3-7654b87e5079\"],[\"__alert_rule_uid__\",\"e7339430-ed3b-47e7-9d3f-3d75b8f5d330\"],[\"alertname\",\"MQTT-Facility Communication Loss Detection\"],[\"fullname\",\"WATERBRIDGE.Eclipse.Eclipse_External.CompactLogix01.Load Reduction.Facility.Available Curtailment\"],[\"grafana_folder\",\"MQTT alerts\"],[\"site_name\",\"Eclipse\"]]" state=Normal reason=
logger=ngalert.state.manager rule_uid=e7339430-ed3b-47e7-9d3f-3d75b8f5d330 org_id=1 t=2025-04-29T17:17:00.013824218Z level=info msg="Detected stale state entry" cacheID="[[\"Communications\",\"Older than 5 minutes\"],[\"__alert_rule_namespace_uid__\",\"a2011903-e94e-4a19-81d3-7654b87e5079\"],[\"__alert_rule_uid__\",\"e7339430-ed3b-47e7-9d3f-3d75b8f5d330\"],[\"alertname\",\"MQTT-Facility Communication Loss Detection\"],[\"fullname\",\"WATERBRIDGE.Sea Bird.SeaBird_External.CompactLogix01.Load Reduction.Facility.Net Energy\"],[\"grafana_folder\",\"MQTT alerts\"],[\"site_name\",\"Sea Bird\"]]" state=Normal reason=
logger=ngalert.state.manager rule_uid=e7339430-ed3b-47e7-9d3f-3d75b8f5d330 org_id=1 t=2025-04-29T17:17:00.013845171Z level=info msg="Detected stale state entry" cacheID="[[\"Communications\",\"Older than 5 minutes\"],[\"__alert_rule_namespace_uid__\",\"a2011903-e94e-4a19-81d3-7654b87e5079\"],[\"__alert_rule_uid__\",\"e7339430-ed3b-47e7-9d3f-3d75b8f5d330\"],[\"alertname\",\"MQTT-Facility Communication Loss Detection\"],[\"fullname\",\"WATERBRIDGE.Central Reeves.CentralReeves_External.CompactLogix01.Load Reduction.Facility.Inhibit_Cmd\"],[\"grafana_folder\",\"MQTT alerts\"],[\"site_name\",\"Central Reeves\"]]" state=Normal reason=
logger=ngalert.state.manager rule_uid=e7339430-ed3b-47e7-9d3f-3d75b8f5d330 org_id=1 t=2025-04-29T17:17:00.013866017Z level=info msg="Detected stale state entry" cacheID="[[\"Communications\",\"Older than 5 minutes\"],[\"__alert_rule_namespace_uid__\",\"a2011903-e94e-4a19-81d3-7654b87e5079\"],[\"__alert_rule_uid__\",\"e7339430-ed3b-47e7-9d3f-3d75b8f5d330\"],[\"alertname\",\"MQTT-Facility Communication Loss Detection\"],[\"fullname\",\"WATERBRIDGE.ORB SWD.Orb_External.CompactLogix01.Load Reduction.Facility.Net Energy\"],[\"grafana_folder\",\"MQTT alerts\"],[\"site_name\",\"ORB SWD\"]]" state=Normal reason=
logger=ngalert.state.manager rule_uid=e7339430-ed3b-47e7-9d3f-3d75b8f5d330 org_id=1 t=2025-04-29T17:17:00.013887338Z level=info msg="Detected stale state entry" cacheID="[[\"Communications\",\"Older than 5 minutes\"],[\"__alert_rule_namespace_uid__\",\"a2011903-e94e-4a19-81d3-7654b87e5079\"],[\"__alert_rule_uid__\",\"e7339430-ed3b-47e7-9d3f-3d75b8f5d330\"],[\"alertname\",\"MQTT-Facility Communication Loss Detection\"],[\"fullname\",\"WATERBRIDGE.Citation.Citation_External.CompactLogix01.Load Reduction.Facility.Exists\"],[\"grafana_folder\",\"MQTT alerts\"],[\"site_name\",\"Citation\"]]" state=Normal reason=
logger=ngalert.state.manager rule_uid=e7339430-ed3b-47e7-9d3f-3d75b8f5d330 org_id=1 t=2025-04-29T17:17:00.013908578Z level=info msg="Detected stale state entry" cacheID="[[\"Communications\",\"Older than 5 minutes\"],[\"__alert_rule_namespace_uid__\",\"a2011903-e94e-4a19-81d3-7654b87e5079\"],[\"__alert_rule_uid__\",\"e7339430-ed3b-47e7-9d3f-3d75b8f5d330\"],[\"alertname\",\"MQTT-Facility Communication Loss Detection\"],[\"fullname\",\"WATERBRIDGE.Fonso.Fonso_External.CompactLogix01.Load Reduction.Facility.Inhibit_Cmd\"],[\"grafana_folder\",\"MQTT alerts\"],[\"site_name\",\"Fonso\"]]" state=Normal reason=
logger=ngalert.state.manager rule_uid=e7339430-ed3b-47e7-9d3f-3d75b8f5d330 org_id=1 t=2025-04-29T17:17:00.013929779Z level=info msg="Detected stale state entry" cacheID="[[\"Communications\",\"Older than 5 minutes\"],[\"__alert_rule_namespace_uid__\",\"a2011903-e94e-4a19-81d3-7654b87e5079\"],[\"__alert_rule_uid__\",\"e7339430-ed3b-47e7-9d3f-3d75b8f5d330\"],[\"alertname\",\"MQTT-Facility Communication Loss Detection\"],[\"fullname\",\"WATERBRIDGE.Jet Pilot.JetPilot_External.CompactLogix01.Load Reduction.Facility.Inhibit_Sts\"],[\"grafana_folder\",\"MQTT alerts\"],[\"site_name\",\"Jet Pilot\"]]" state=Normal reason=
logger=ngalert.state.manager rule_uid=e7339430-ed3b-47e7-9d3f-3d75b8f5d330 org_id=1 t=2025-04-29T17:17:00.013951249Z level=info msg="Detected stale state entry" cacheID="[[\"Communications\",\"Older than 5 minutes\"],[\"__alert_rule_namespace_uid__\",\"a2011903-e94e-4a19-81d3-7654b87e5079\"],[\"__alert_rule_uid__\",\"e7339430-ed3b-47e7-9d3f-3d75b8f5d330\"],[\"alertname\",\"MQTT-Facility Communication Loss Detection\"],[\"fullname\",\"WATERBRIDGE.Eclipse.Eclipse_External.CompactLogix01.Load Reduction.Facility.Exists\"],[\"grafana_folder\",\"MQTT alerts\"],[\"site_name\",\"Eclipse\"]]" state=Normal reason=
logger=ngalert.state.manager rule_uid=e7339430-ed3b-47e7-9d3f-3d75b8f5d330 org_id=1 t=2025-04-29T17:17:00.013983432Z level=info msg="Detected stale state entry" cacheID="[[\"Communications\",\"Older than 5 minutes\"],[\"__alert_rule_namespace_uid__\",\"a2011903-e94e-4a19-81d3-7654b87e5079\"],[\"__alert_rule_uid__\",\"e7339430-ed3b-47e7-9d3f-3d75b8f5d330\"],[\"alertname\",\"MQTT-Facility Communication Loss Detection\"],[\"fullname\",\"WATERBRIDGE.Citation.Citation_External.CompactLogix01.Load Reduction.Facility.UFR\"],[\"grafana_folder\",\"MQTT alerts\"],[\"site_name\",\"Citation\"]]" state=Normal reason=
logger=ngalert.state.manager rule_uid=e7339430-ed3b-47e7-9d3f-3d75b8f5d330 org_id=1 t=2025-04-29T17:17:00.014005452Z level=info msg="Detected stale state entry" cacheID="[[\"Communications\",\"Older than 5 minutes\"],[\"__alert_rule_namespace_uid__\",\"a2011903-e94e-4a19-81d3-7654b87e5079\"],[\"__alert_rule_uid__\",\"e7339430-ed3b-47e7-9d3f-3d75b8f5d330\"],[\"alertname\",\"MQTT-Facility Communication Loss Detection\"],[\"fullname\",\"WATERBRIDGE.Sea Bird.SeaBird_External.CompactLogix01.Load Reduction.Facility.Participate_Sts\"],[\"grafana_folder\",\"MQTT alerts\"],[\"site_name\",\"Sea Bird\"]]" state=Normal reason=
logger=ngalert.state.manager rule_uid=e7339430-ed3b-47e7-9d3f-3d75b8f5d330 org_id=1 t=2025-04-29T17:17:00.014024658Z level=info msg="Detected stale state entry" cacheID="[[\"Communications\",\"Older than 5 minutes\"],[\"__alert_rule_namespace_uid__\",\"a2011903-e94e-4a19-81d3-7654b87e5079\"],[\"__alert_rule_uid__\",\"e7339430-ed3b-47e7-9d3f-3d75b8f5d330\"],[\"alertname\",\"MQTT-Facility Communication Loss Detection\"],[\"fullname\",\"WATERBRIDGE.Fonso.Fonso_External.CompactLogix01.Load Reduction.Facility.UFR\"],[\"grafana_folder\",\"MQTT alerts\"],[\"site_name\",\"Fonso\"]]" state=Normal reason=
logger=ngalert.state.manager rule_uid=e7339430-ed3b-47e7-9d3f-3d75b8f5d330 org_id=1 t=2025-04-29T17:17:00.014046346Z level=info msg="Detected stale state entry" cacheID="[[\"Communications\",\"Older than 5 minutes\"],[\"__alert_rule_namespace_uid__\",\"a2011903-e94e-4a19-81d3-7654b87e5079\"],[\"__alert_rule_uid__\",\"e7339430-ed3b-47e7-9d3f-3d75b8f5d330\"],[\"alertname\",\"MQTT-Facility Communication Loss Detection\"],[\"fullname\",\"WATERBRIDGE.ORB SWD.Orb_External.CompactLogix01.Load Reduction.Facility.Phase A Current\"],[\"grafana_folder\",\"MQTT alerts\"],[\"site_name\",\"ORB SWD\"]]" state=Normal reason=
logger=ngalert.state.manager rule_uid=e7339430-ed3b-47e7-9d3f-3d75b8f5d330 org_id=1 t=2025-04-29T17:17:00.014068939Z level=info msg="Detected stale state entry" cacheID="[[\"Communications\",\"Older than 5 minutes\"],[\"__alert_rule_namespace_uid__\",\"a2011903-e94e-4a19-81d3-7654b87e5079\"],[\"__alert_rule_uid__\",\"e7339430-ed3b-47e7-9d3f-3d75b8f5d330\"],[\"alertname\",\"MQTT-Facility Communication Loss Detection\"],[\"fullname\",\"WATERBRIDGE.Rayburn.Rayburn_External.CompactLogix01.Load Reduction.Facility.Inhibit_Sts\"],[\"grafana_folder\",\"MQTT alerts\"],[\"site_name\",\"Rayburn\"]]" state=Normal reason=
logger=ngalert.state.manager rule_uid=e7339430-ed3b-47e7-9d3f-3d75b8f5d330 org_id=1 t=2025-04-29T17:17:00.014089339Z level=info msg="Detected stale state entry" cacheID="[[\"Communications\",\"Older than 5 minutes\"],[\"__alert_rule_namespace_uid__\",\"a2011903-e94e-4a19-81d3-7654b87e5079\"],[\"__alert_rule_uid__\",\"e7339430-ed3b-47e7-9d3f-3d75b8f5d330\"],[\"alertname\",\"MQTT-Facility Communication Loss Detection\"],[\"fullname\",\"WATERBRIDGE.EasyJet.EasyJet_External.CompactLogix01.Load Reduction.Facility.Participate_Sts\"],[\"grafana_folder\",\"MQTT alerts\"],[\"site_name\",\"EasyJet\"]]" state=Normal reason=
logger=ngalert.state.manager rule_uid=e7339430-ed3b-47e7-9d3f-3d75b8f5d330 org_id=1 t=2025-04-29T17:17:00.014110274Z level=info msg="Detected stale state entry" cacheID="[[\"Communications\",\"Older than 5 minutes\"],[\"__alert_rule_namespace_uid__\",\"a2011903-e94e-4a19-81d3-7654b87e5079\"],[\"__alert_rule_uid__\",\"e7339430-ed3b-47e7-9d3f-3d75b8f5d330\"],[\"alertname\",\"MQTT-Facility Communication Loss Detection\"],[\"fullname\",\"WATERBRIDGE.ORB SWD.Orb_External.CompactLogix01.Load Reduction.Facility.Inhibit_Cmd\"],[\"grafana_folder\",\"MQTT alerts\"],[\"site_name\",\"ORB SWD\"]]" state=Normal reason=
logger=ngalert.state.manager rule_uid=e7339430-ed3b-47e7-9d3f-3d75b8f5d330 org_id=1 t=2025-04-29T17:17:00.014416837Z level=info msg="Detected stale state entry" cacheID="[[\"Communications\",\"Older than 5 minutes\"],[\"__alert_rule_namespace_uid__\",\"a2011903-e94e-4a19-81d3-7654b87e5079\"],[\"__alert_rule_uid__\",\"e7339430-ed3b-47e7-9d3f-3d75b8f5d330\"],[\"alertname\",\"MQTT-Facility Communication Loss Detection\"],[\"fullname\",\"WATERBRIDGE.Central Reeves.CentralReeves_External.CompactLogix01.Load Reduction.Facility.Active Power\"],[\"grafana_folder\",\"MQTT alerts\"],[\"site_name\",\"Central Reeves\"]]" state=Normal reason=
logger=ngalert.state.manager rule_uid=e7339430-ed3b-47e7-9d3f-3d75b8f5d330 org_id=1 t=2025-04-29T17:17:00.014460916Z level=info msg="Detected stale state entry" cacheID="[[\"Communications\",\"Older than 5 minutes\"],[\"__alert_rule_namespace_uid__\",\"a2011903-e94e-4a19-81d3-7654b87e5079\"],[\"__alert_rule_uid__\",\"e7339430-ed3b-47e7-9d3f-3d75b8f5d330\"],[\"alertname\",\"MQTT-Facility Communication Loss Detection\"],[\"fullname\",\"WATERBRIDGE.Fonso.Fonso_External.CompactLogix01.Load Reduction.Facility.Avg Line Current\"],[\"grafana_folder\",\"MQTT alerts\"],[\"site_name\",\"Fonso\"]]" state=Normal reason=
logger=ngalert.state.manager rule_uid=e7339430-ed3b-47e7-9d3f-3d75b8f5d330 org_id=1 t=2025-04-29T17:17:00.014483073Z level=info msg="Detected stale state entry" cacheID="[[\"Communications\",\"Older than 5 minutes\"],[\"__alert_rule_namespace_uid__\",\"a2011903-e94e-4a19-81d3-7654b87e5079\"],[\"__alert_rule_uid__\",\"e7339430-ed3b-47e7-9d3f-3d75b8f5d330\"],[\"alertname\",\"MQTT-Facility Communication Loss Detection\"],[\"fullname\",\"WATERBRIDGE.Sea Bird.SeaBird_External.CompactLogix01.Load Reduction.Facility.Exists\"],[\"grafana_folder\",\"MQTT alerts\"],[\"site_name\",\"Sea Bird\"]]" state=Normal reason=
logger=ngalert.state.manager rule_uid=e7339430-ed3b-47e7-9d3f-3d75b8f5d330 org_id=1 t=2025-04-29T17:17:00.014503148Z level=info msg="Detected stale state entry" cacheID="[[\"Communications\",\"Older than 5 minutes\"],[\"__alert_rule_namespace_uid__\",\"a2011903-e94e-4a19-81d3-7654b87e5079\"],[\"__alert_rule_uid__\",\"e7339430-ed3b-47e7-9d3f-3d75b8f5d330\"],[\"alertname\",\"MQTT-Facility Communication Loss Detection\"],[\"fullname\",\"WATERBRIDGE.Citation.Citation_External.CompactLogix01.Load Reduction.Facility.Inhibit_Sts\"],[\"grafana_folder\",\"MQTT alerts\"],[\"site_name\",\"Citation\"]]" state=Normal reason=
logger=ngalert.state.manager rule_uid=e7339430-ed3b-47e7-9d3f-3d75b8f5d330 org_id=1 t=2025-04-29T17:17:00.01452401Z level=info msg="Detected stale state entry" cacheID="[[\"Communications\",\"Older than 5 minutes\"],[\"__alert_rule_namespace_uid__\",\"a2011903-e94e-4a19-81d3-7654b87e5079\"],[\"__alert_rule_uid__\",\"e7339430-ed3b-47e7-9d3f-3d75b8f5d330\"],[\"alertname\",\"MQTT-Facility Communication Loss Detection\"],[\"fullname\",\"WATERBRIDGE.Eclipse.Eclipse_External.CompactLogix01.Load Reduction.Facility.Active Power\"],[\"grafana_folder\",\"MQTT alerts\"],[\"site_name\",\"Eclipse\"]]" state=Normal reason=
logger=ngalert.state.manager rule_uid=e7339430-ed3b-47e7-9d3f-3d75b8f5d330 org_id=1 t=2025-04-29T17:17:00.014546198Z level=info msg="Detected stale state entry" cacheID="[[\"Communications\",\"Older than 5 minutes\"],[\"__alert_rule_namespace_uid__\",\"a2011903-e94e-4a19-81d3-7654b87e5079\"],[\"__alert_rule_uid__\",\"e7339430-ed3b-47e7-9d3f-3d75b8f5d330\"],[\"alertname\",\"MQTT-Facility Communication Loss Detection\"],[\"fullname\",\"WATERBRIDGE.ORB SWD.Orb_External.CompactLogix01.Load Reduction.Facility.Avg Line Current\"],[\"grafana_folder\",\"MQTT alerts\"],[\"site_name\",\"ORB SWD\"]]" state=Normal reason=
logger=ngalert.state.manager rule_uid=e7339430-ed3b-47e7-9d3f-3d75b8f5d330 org_id=1 t=2025-04-29T17:17:00.014574354Z level=info msg="Detected stale state entry" cacheID="[[\"Communications\",\"Older than 5 minutes\"],[\"__alert_rule_namespace_uid__\",\"a2011903-e94e-4a19-81d3-7654b87e5079\"],[\"__alert_rule_uid__\",\"e7339430-ed3b-47e7-9d3f-3d75b8f5d330\"],[\"alertname\",\"MQTT-Facility Communication Loss Detection\"],[\"fullname\",\"WATERBRIDGE.Citation.Citation_External.CompactLogix01.Load Reduction.Facility.Avg Voltage\"],[\"grafana_folder\",\"MQTT alerts\"],[\"site_name\",\"Citation\"]]" state=Normal reason=
logger=ngalert.state.manager rule_uid=e7339430-ed3b-47e7-9d3f-3d75b8f5d330 org_id=1 t=2025-04-29T17:17:00.014596342Z level=info msg="Detected stale state entry" cacheID="[[\"Communications\",\"Older than 5 minutes\"],[\"__alert_rule_namespace_uid__\",\"a2011903-e94e-4a19-81d3-7654b87e5079\"],[\"__alert_rule_uid__\",\"e7339430-ed3b-47e7-9d3f-3d75b8f5d330\"],[\"alertname\",\"MQTT-Facility Communication Loss Detection\"],[\"fullname\",\"WATERBRIDGE.Jet Pilot.JetPilot_External.CompactLogix01.Load Reduction.Facility.Avg Voltage\"],[\"grafana_folder\",\"MQTT alerts\"],[\"site_name\",\"Jet Pilot\"]]" state=Normal reason=
logger=ngalert.state.manager rule_uid=e7339430-ed3b-47e7-9d3f-3d75b8f5d330 org_id=1 t=2025-04-29T17:17:00.014662958Z level=info msg="Detected stale state entry" cacheID="[[\"Communications\",\"Older than 5 minutes\"],[\"__alert_rule_namespace_uid__\",\"a2011903-e94e-4a19-81d3-7654b87e5079\"],[\"__alert_rule_uid__\",\"e7339430-ed3b-47e7-9d3f-3d75b8f5d330\"],[\"alertname\",\"MQTT-Facility Communication Loss Detection\"],[\"fullname\",\"WATERBRIDGE.EasyJet.EasyJet_External.CompactLogix01.Load Reduction.Facility.Active Power\"],[\"grafana_folder\",\"MQTT alerts\"],[\"site_name\",\"EasyJet\"]]" state=Normal reason=
logger=ngalert.state.manager rule_uid=e7339430-ed3b-47e7-9d3f-3d75b8f5d330 org_id=1 t=2025-04-29T17:17:00.014692119Z level=info msg="Detected stale state entry" cacheID="[[\"Communications\",\"Older than 5 minutes\"],[\"__alert_rule_namespace_uid__\",\"a2011903-e94e-4a19-81d3-7654b87e5079\"],[\"__alert_rule_uid__\",\"e7339430-ed3b-47e7-9d3f-3d75b8f5d330\"],[\"alertname\",\"MQTT-Facility Communication Loss Detection\"],[\"fullname\",\"WATERBRIDGE.Swale.Swale_External.CompactLogix01.Load Reduction.Facility.UFR\"],[\"grafana_folder\",\"MQTT alerts\"],[\"site_name\",\"Swale\"]]" state=Normal reason=
logger=ngalert.state.manager rule_uid=e7339430-ed3b-47e7-9d3f-3d75b8f5d330 org_id=1 t=2025-04-29T17:17:00.014724024Z level=info msg="Detected stale state entry" cacheID="[[\"Communications\",\"Older than 5 minutes\"],[\"__alert_rule_namespace_uid__\",\"a2011903-e94e-4a19-81d3-7654b87e5079\"],[\"__alert_rule_uid__\",\"e7339430-ed3b-47e7-9d3f-3d75b8f5d330\"],[\"alertname\",\"MQTT-Facility Communication Loss Detection\"],[\"fullname\",\"WATERBRIDGE.Central Reeves.CentralReeves_External.CompactLogix01.Load Reduction.Facility.Tag\"],[\"grafana_folder\",\"MQTT alerts\"],[\"site_name\",\"Central Reeves\"]]" state=Normal reason=
logger=ngalert.state.manager rule_uid=e7339430-ed3b-47e7-9d3f-3d75b8f5d330 org_id=1 t=2025-04-29T17:17:00.014748109Z level=info msg="Detected stale state entry" cacheID="[[\"Communications\",\"Older than 5 minutes\"],[\"__alert_rule_namespace_uid__\",\"a2011903-e94e-4a19-81d3-7654b87e5079\"],[\"__alert_rule_uid__\",\"e7339430-ed3b-47e7-9d3f-3d75b8f5d330\"],[\"alertname\",\"MQTT-Facility Communication Loss Detection\"],[\"fullname\",\"WATERBRIDGE.Citation.Citation_External.CompactLogix01.Load Reduction.Facility.Tag\"],[\"grafana_folder\",\"MQTT alerts\"],[\"site_name\",\"Citation\"]]" state=Normal reason=
logger=ngalert.state.manager rule_uid=e7339430-ed3b-47e7-9d3f-3d75b8f5d330 org_id=1 t=2025-04-29T17:17:00.01476994Z level=info msg="Detected stale state entry" cacheID="[[\"Communications\",\"Older than 5 minutes\"],[\"__alert_rule_namespace_uid__\",\"a2011903-e94e-4a19-81d3-7654b87e5079\"],[\"__alert_rule_uid__\",\"e7339430-ed3b-47e7-9d3f-3d75b8f5d330\"],[\"alertname\",\"MQTT-Facility Communication Loss Detection\"],[\"fullname\",\"WATERBRIDGE.Cotton Gin.CottonGin_External.CompactLogix01.Load Reduction.Facility.Load_Sts\"],[\"grafana_folder\",\"MQTT alerts\"],[\"site_name\",\"Cotton Gin\"]]" state=Normal reason=
logger=ngalert.state.manager rule_uid=e7339430-ed3b-47e7-9d3f-3d75b8f5d330 org_id=1 t=2025-04-29T17:17:00.014798791Z level=info msg="Detected stale state entry" cacheID="[[\"Communications\",\"Older than 5 minutes\"],[\"__alert_rule_namespace_uid__\",\"a2011903-e94e-4a19-81d3-7654b87e5079\"],[\"__alert_rule_uid__\",\"e7339430-ed3b-47e7-9d3f-3d75b8f5d330\"],[\"alertname\",\"MQTT-Facility Communication Loss Detection\"],[\"fullname\",\"WATERBRIDGE.Fonso.Fonso_External.CompactLogix01.Load Reduction.Facility.Phase B Current\"],[\"grafana_folder\",\"MQTT alerts\"],[\"site_name\",\"Fonso\"]]" state=Normal reason=
logger=ngalert.state.manager rule_uid=e7339430-ed3b-47e7-9d3f-3d75b8f5d330 org_id=1 t=2025-04-29T17:17:00.014820171Z level=info msg="Detected stale state entry" cacheID="[[\"Communications\",\"Older than 5 minutes\"],[\"__alert_rule_namespace_uid__\",\"a2011903-e94e-4a19-81d3-7654b87e5079\"],[\"__alert_rule_uid__\",\"e7339430-ed3b-47e7-9d3f-3d75b8f5d330\"],[\"alertname\",\"MQTT-Facility Communication Loss Detection\"],[\"fullname\",\"WATERBRIDGE.EasyJet.EasyJet_External.CompactLogix01.Load Reduction.Facility.Inhibit_Sts\"],[\"grafana_folder\",\"MQTT alerts\"],[\"site_name\",\"EasyJet\"]]" state=Normal reason=
logger=ngalert.state.manager rule_uid=e7339430-ed3b-47e7-9d3f-3d75b8f5d330 org_id=1 t=2025-04-29T17:17:00.014840154Z level=info msg="Detected stale state entry" cacheID="[[\"Communications\",\"Older than 5 minutes\"],[\"__alert_rule_namespace_uid__\",\"a2011903-e94e-4a19-81d3-7654b87e5079\"],[\"__alert_rule_uid__\",\"e7339430-ed3b-47e7-9d3f-3d75b8f5d330\"],[\"alertname\",\"MQTT-Facility Communication Loss Detection\"],[\"fullname\",\"WATERBRIDGE.Eclipse.Eclipse_External.CompactLogix01.Load Reduction.Facility.Tag\"],[\"grafana_folder\",\"MQTT alerts\"],[\"site_name\",\"Eclipse\"]]" state=Normal reason=
logger=ngalert.state.manager rule_uid=e7339430-ed3b-47e7-9d3f-3d75b8f5d330 org_id=1 t=2025-04-29T17:17:00.014862408Z level=info msg="Detected stale state entry" cacheID="[[\"Communications\",\"Older than 5 minutes\"],[\"__alert_rule_namespace_uid__\",\"a2011903-e94e-4a19-81d3-7654b87e5079\"],[\"__alert_rule_uid__\",\"e7339430-ed3b-47e7-9d3f-3d75b8f5d330\"],[\"alertname\",\"MQTT-Facility Communication Loss Detection\"],[\"fullname\",\"WATERBRIDGE.Rayburn.Rayburn_External.CompactLogix01.Load Reduction.Facility.UFR\"],[\"grafana_folder\",\"MQTT alerts\"],[\"site_name\",\"Rayburn\"]]" state=Normal reason=
logger=ngalert.state.manager rule_uid=e7339430-ed3b-47e7-9d3f-3d75b8f5d330 org_id=1 t=2025-04-29T17:17:00.014892291Z level=info msg="Detected stale state entry" cacheID="[[\"Communications\",\"Older than 5 minutes\"],[\"__alert_rule_namespace_uid__\",\"a2011903-e94e-4a19-81d3-7654b87e5079\"],[\"__alert_rule_uid__\",\"e7339430-ed3b-47e7-9d3f-3d75b8f5d330\"],[\"alertname\",\"MQTT-Facility Communication Loss Detection\"],[\"fullname\",\"WATERBRIDGE.Buckshot.Buckshot_External.CompactLogix01.Load Reduction.Facility.Participate_Sts\"],[\"grafana_folder\",\"MQTT alerts\"],[\"site_name\",\"Buckshot\"]]" state=Normal reason=
logger=ngalert.state.manager rule_uid=e7339430-ed3b-47e7-9d3f-3d75b8f5d330 org_id=1 t=2025-04-29T17:17:00.014911659Z level=info msg="Detected stale state entry" cacheID="[[\"Communications\",\"Older than 5 minutes\"],[\"__alert_rule_namespace_uid__\",\"a2011903-e94e-4a19-81d3-7654b87e5079\"],[\"__alert_rule_uid__\",\"e7339430-ed3b-47e7-9d3f-3d75b8f5d330\"],[\"alertname\",\"MQTT-Facility Communication Loss Detection\"],[\"fullname\",\"WATERBRIDGE.Sham.Sham_External.CompactLogix01.Load Reduction.Facility.Load_Sts\"],[\"grafana_folder\",\"MQTT alerts\"],[\"site_name\",\"Sham\"]]" state=Normal reason=
logger=ngalert.state.manager rule_uid=e7339430-ed3b-47e7-9d3f-3d75b8f5d330 org_id=1 t=2025-04-29T17:17:00.01493499Z level=info msg="Detected stale state entry" cacheID="[[\"Communications\",\"Older than 5 minutes\"],[\"__alert_rule_namespace_uid__\",\"a2011903-e94e-4a19-81d3-7654b87e5079\"],[\"__alert_rule_uid__\",\"e7339430-ed3b-47e7-9d3f-3d75b8f5d330\"],[\"alertname\",\"MQTT-Facility Communication Loss Detection\"],[\"fullname\",\"WATERBRIDGE.Eclipse.Eclipse_External.CompactLogix01.Load Reduction.Facility.Avg Voltage\"],[\"grafana_folder\",\"MQTT alerts\"],[\"site_name\",\"Eclipse\"]]" state=Normal reason=
logger=ngalert.state.manager rule_uid=e7339430-ed3b-47e7-9d3f-3d75b8f5d330 org_id=1 t=2025-04-29T17:17:00.014965864Z level=info msg="Detected stale state entry" cacheID="[[\"Communications\",\"Older than 5 minutes\"],[\"__alert_rule_namespace_uid__\",\"a2011903-e94e-4a19-81d3-7654b87e5079\"],[\"__alert_rule_uid__\",\"e7339430-ed3b-47e7-9d3f-3d75b8f5d330\"],[\"alertname\",\"MQTT-Facility Communication Loss Detection\"],[\"fullname\",\"WATERBRIDGE.EasyJet.EasyJet_External.CompactLogix01.Load Reduction.Facility.Frequency\"],[\"grafana_folder\",\"MQTT alerts\"],[\"site_name\",\"EasyJet\"]]" state=Normal reason=
logger=ngalert.state.manager rule_uid=e7339430-ed3b-47e7-9d3f-3d75b8f5d330 org_id=1 t=2025-04-29T17:17:00.014988169Z level=info msg="Detected stale state entry" cacheID="[[\"Communications\",\"Older than 5 minutes\"],[\"__alert_rule_namespace_uid__\",\"a2011903-e94e-4a19-81d3-7654b87e5079\"],[\"__alert_rule_uid__\",\"e7339430-ed3b-47e7-9d3f-3d75b8f5d330\"],[\"alertname\",\"MQTT-Facility Communication Loss Detection\"],[\"fullname\",\"WATERBRIDGE.Swale.Swale_External.CompactLogix01.Load Reduction.Facility.Inhibit_Sts\"],[\"grafana_folder\",\"MQTT alerts\"],[\"site_name\",\"Swale\"]]" state=Normal reason=
logger=ngalert.state.manager rule_uid=e7339430-ed3b-47e7-9d3f-3d75b8f5d330 org_id=1 t=2025-04-29T17:17:00.015009004Z level=info msg="Detected stale state entry" cacheID="[[\"Communications\",\"Older than 5 minutes\"],[\"__alert_rule_namespace_uid__\",\"a2011903-e94e-4a19-81d3-7654b87e5079\"],[\"__alert_rule_uid__\",\"e7339430-ed3b-47e7-9d3f-3d75b8f5d330\"],[\"alertname\",\"MQTT-Facility Communication Loss Detection\"],[\"fullname\",\"WATERBRIDGE.Buckshot.Buckshot_External.CompactLogix01.Load Reduction.Facility.Available Curtailment\"],[\"grafana_folder\",\"MQTT alerts\"],[\"site_name\",\"Buckshot\"]]" state=Normal reason=
logger=ngalert.state.manager rule_uid=e7339430-ed3b-47e7-9d3f-3d75b8f5d330 org_id=1 t=2025-04-29T17:17:00.015030436Z level=info msg="Detected stale state entry" cacheID="[[\"Communications\",\"Older than 5 minutes\"],[\"__alert_rule_namespace_uid__\",\"a2011903-e94e-4a19-81d3-7654b87e5079\"],[\"__alert_rule_uid__\",\"e7339430-ed3b-47e7-9d3f-3d75b8f5d330\"],[\"alertname\",\"MQTT-Facility Communication Loss Detection\"],[\"fullname\",\"WATERBRIDGE.Central Reeves.CentralReeves_External.CompactLogix01.Load Reduction.Facility.Participate_Sts\"],[\"grafana_folder\",\"MQTT alerts\"],[\"site_name\",\"Central Reeves\"]]" state=Normal reason=
logger=ngalert.state.manager rule_uid=e7339430-ed3b-47e7-9d3f-3d75b8f5d330 org_id=1 t=2025-04-29T17:17:00.015054411Z level=info msg="Detected stale state entry" cacheID="[[\"Communications\",\"Older than 5 minutes\"],[\"__alert_rule_namespace_uid__\",\"a2011903-e94e-4a19-81d3-7654b87e5079\"],[\"__alert_rule_uid__\",\"e7339430-ed3b-47e7-9d3f-3d75b8f5d330\"],[\"alertname\",\"MQTT-Facility Communication Loss Detection\"],[\"fullname\",\"WATERBRIDGE.Boreas.Boreas_External.CompactLogix01.Load Reduction.Facility.Load_Sts\"],[\"grafana_folder\",\"MQTT alerts\"],[\"site_name\",\"Boreas\"]]" state=Normal reason=
logger=ngalert.state.manager rule_uid=e7339430-ed3b-47e7-9d3f-3d75b8f5d330 org_id=1 t=2025-04-29T17:17:00.015076405Z level=info msg="Detected stale state entry" cacheID="[[\"Communications\",\"Older than 5 minutes\"],[\"__alert_rule_namespace_uid__\",\"a2011903-e94e-4a19-81d3-7654b87e5079\"],[\"__alert_rule_uid__\",\"e7339430-ed3b-47e7-9d3f-3d75b8f5d330\"],[\"alertname\",\"MQTT-Facility Communication Loss Detection\"],[\"fullname\",\"WATERBRIDGE.ORB SWD.Orb_External.CompactLogix01.Load Reduction.Facility.Exists\"],[\"grafana_folder\",\"MQTT alerts\"],[\"site_name\",\"ORB SWD\"]]" state=Normal reason=
logger=ngalert.state.manager rule_uid=e7339430-ed3b-47e7-9d3f-3d75b8f5d330 org_id=1 t=2025-04-29T17:17:00.015400776Z level=info msg="Detected stale state entry" cacheID="[[\"Communications\",\"Older than 5 minutes\"],[\"__alert_rule_namespace_uid__\",\"a2011903-e94e-4a19-81d3-7654b87e5079\"],[\"__alert_rule_uid__\",\"e7339430-ed3b-47e7-9d3f-3d75b8f5d330\"],[\"alertname\",\"MQTT-Facility Communication Loss Detection\"],[\"fullname\",\"WATERBRIDGE.Jet Pilot.JetPilot_External.CompactLogix01.Load Reduction.Facility.Tag\"],[\"grafana_folder\",\"MQTT alerts\"],[\"site_name\",\"Jet Pilot\"]]" state=Normal reason=
logger=ngalert.state.manager rule_uid=e7339430-ed3b-47e7-9d3f-3d75b8f5d330 org_id=1 t=2025-04-29T17:17:00.015425419Z level=info msg="Detected stale state entry" cacheID="[[\"Communications\",\"Older than 5 minutes\"],[\"__alert_rule_namespace_uid__\",\"a2011903-e94e-4a19-81d3-7654b87e5079\"],[\"__alert_rule_uid__\",\"e7339430-ed3b-47e7-9d3f-3d75b8f5d330\"],[\"alertname\",\"MQTT-Facility Communication Loss Detection\"],[\"fullname\",\"WATERBRIDGE.Eclipse.Eclipse_External.CompactLogix01.Load Reduction.Facility.Frequency\"],[\"grafana_folder\",\"MQTT alerts\"],[\"site_name\",\"Eclipse\"]]" state=Normal reason=
logger=ngalert.state.manager rule_uid=e7339430-ed3b-47e7-9d3f-3d75b8f5d330 org_id=1 t=2025-04-29T17:17:00.015447649Z level=info msg="Detected stale state entry" cacheID="[[\"Communications\",\"Older than 5 minutes\"],[\"__alert_rule_namespace_uid__\",\"a2011903-e94e-4a19-81d3-7654b87e5079\"],[\"__alert_rule_uid__\",\"e7339430-ed3b-47e7-9d3f-3d75b8f5d330\"],[\"alertname\",\"MQTT-Facility Communication Loss Detection\"],[\"fullname\",\"WATERBRIDGE.EasyJet.EasyJet_External.CompactLogix01.Load Reduction.Facility.Phase B Current\"],[\"grafana_folder\",\"MQTT alerts\"],[\"site_name\",\"EasyJet\"]]" state=Normal reason=
logger=ngalert.state.manager rule_uid=e7339430-ed3b-47e7-9d3f-3d75b8f5d330 org_id=1 t=2025-04-29T17:17:00.015469822Z level=info msg="Detected stale state entry" cacheID="[[\"Communications\",\"Older than 5 minutes\"],[\"__alert_rule_namespace_uid__\",\"a2011903-e94e-4a19-81d3-7654b87e5079\"],[\"__alert_rule_uid__\",\"e7339430-ed3b-47e7-9d3f-3d75b8f5d330\"],[\"alertname\",\"MQTT-Facility Communication Loss Detection\"],[\"fullname\",\"WATERBRIDGE.EasyJet.EasyJet_External.CompactLogix01.Load Reduction.Facility.Phase A Current\"],[\"grafana_folder\",\"MQTT alerts\"],[\"site_name\",\"EasyJet\"]]" state=Normal reason=
logger=ngalert.state.manager rule_uid=e7339430-ed3b-47e7-9d3f-3d75b8f5d330 org_id=1 t=2025-04-29T17:17:00.015491485Z level=info msg="Detected stale state entry" cacheID="[[\"Communications\",\"Older than 5 minutes\"],[\"__alert_rule_namespace_uid__\",\"a2011903-e94e-4a19-81d3-7654b87e5079\"],[\"__alert_rule_uid__\",\"e7339430-ed3b-47e7-9d3f-3d75b8f5d330\"],[\"alertname\",\"MQTT-Facility Communication Loss Detection\"],[\"fullname\",\"WATERBRIDGE.EasyJet.EasyJet_External.CompactLogix01.Load Reduction.Facility.Net Energy\"],[\"grafana_folder\",\"MQTT alerts\"],[\"site_name\",\"EasyJet\"]]" state=Normal reason=
logger=ngalert.state.manager rule_uid=e7339430-ed3b-47e7-9d3f-3d75b8f5d330 org_id=1 t=2025-04-29T17:17:00.015512003Z level=info msg="Detected stale state entry" cacheID="[[\"Communications\",\"Older than 5 minutes\"],[\"__alert_rule_namespace_uid__\",\"a2011903-e94e-4a19-81d3-7654b87e5079\"],[\"__alert_rule_uid__\",\"e7339430-ed3b-47e7-9d3f-3d75b8f5d330\"],[\"alertname\",\"MQTT-Facility Communication Loss Detection\"],[\"fullname\",\"WATERBRIDGE.Sea Bird.SeaBird_External.CompactLogix01.Load Reduction.Facility.Avg Voltage\"],[\"grafana_folder\",\"MQTT alerts\"],[\"site_name\",\"Sea Bird\"]]" state=Normal reason=
logger=ngalert.state.manager rule_uid=e7339430-ed3b-47e7-9d3f-3d75b8f5d330 org_id=1 t=2025-04-29T17:17:00.015533806Z level=info msg="Detected stale state entry" cacheID="[[\"Communications\",\"Older than 5 minutes\"],[\"__alert_rule_namespace_uid__\",\"a2011903-e94e-4a19-81d3-7654b87e5079\"],[\"__alert_rule_uid__\",\"e7339430-ed3b-47e7-9d3f-3d75b8f5d330\"],[\"alertname\",\"MQTT-Facility Communication Loss Detection\"],[\"fullname\",\"WATERBRIDGE.Cotton Gin.CottonGin_External.CompactLogix01.Load Reduction.Facility.Inhibit_Sts\"],[\"grafana_folder\",\"MQTT alerts\"],[\"site_name\",\"Cotton Gin\"]]" state=Normal reason=
logger=ngalert.sender.router rule_uid=e7339430-ed3b-47e7-9d3f-3d75b8f5d330 org_id=1 t=2025-04-29T17:17:00.041445228Z level=info msg="Sending alerts to local notifier" count=1
logger=cleanup t=2025-04-29T17:17:16.296676105Z level=info msg="Completed cleanup jobs" duration=2.265851ms
logger=grafana.update.checker t=2025-04-29T17:17:16.575040287Z level=info msg="Update check succeeded" duration=17.306601ms
logger=plugins.update.checker t=2025-04-29T17:17:16.607998302Z level=info msg="Update check succeeded" duration=33.846118ms
logger=ngalert.sender.router rule_uid=e7339430-ed3b-47e7-9d3f-3d75b8f5d330 org_id=1 t=2025-04-29T17:18:00.016369292Z level=info msg="Sending alerts to local notifier" count=1
logger=ngalert.sender.router rule_uid=e7339430-ed3b-47e7-9d3f-3d75b8f5d330 org_id=1 t=2025-04-29T17:19:00.014937826Z level=info msg="Sending alerts to local notifier" count=1
logger=ngalert.sender.router rule_uid=e7339430-ed3b-47e7-9d3f-3d75b8f5d330 org_id=1 t=2025-04-29T17:20:00.017438825Z level=info msg="Sending alerts to local notifier" count=1
logger=ngalert.sender.router rule_uid=e7339430-ed3b-47e7-9d3f-3d75b8f5d330 org_id=1 t=2025-04-29T17:21:00.014730157Z level=info msg="Sending alerts to local notifier" count=1
logger=ngalert.sender.router rule_uid=e7339430-ed3b-47e7-9d3f-3d75b8f5d330 org_id=1 t=2025-04-29T17:22:00.015238226Z level=info msg="Sending alerts to local notifier" count=1
logger=ngalert.sender.router rule_uid=e7339430-ed3b-47e7-9d3f-3d75b8f5d330 org_id=1 t=2025-04-29T17:23:00.014020208Z level=info msg="Sending alerts to local notifier" count=1
logger=ngalert.sender.router rule_uid=e7339430-ed3b-47e7-9d3f-3d75b8f5d330 org_id=1 t=2025-04-29T17:24:00.015719648Z level=info msg="Sending alerts to local notifier" count=1
logger=ngalert.sender.router rule_uid=e7339430-ed3b-47e7-9d3f-3d75b8f5d330 org_id=1 t=2025-04-29T17:25:00.015327774Z level=info msg="Sending alerts to local notifier" count=1
logger=ngalert.sender.router rule_uid=e7339430-ed3b-47e7-9d3f-3d75b8f5d330 org_id=1 t=2025-04-29T17:26:00.014990254Z level=info msg="Sending alerts to local notifier" count=1
logger=ngalert.sender.router rule_uid=e7339430-ed3b-47e7-9d3f-3d75b8f5d330 org_id=1 t=2025-04-29T17:27:00.015431776Z level=info msg="Sending alerts to local notifier" count=1
logger=cleanup t=2025-04-29T17:27:16.29674455Z level=info msg="Completed cleanup jobs" duration=2.370076ms
logger=grafana.update.checker t=2025-04-29T17:27:16.571656672Z level=info msg="Update check succeeded" duration=13.936972ms
logger=plugins.update.checker t=2025-04-29T17:27:16.606178513Z level=info msg="Update check succeeded" duration=31.37898ms
logger=ngalert.sender.router rule_uid=e7339430-ed3b-47e7-9d3f-3d75b8f5d330 org_id=1 t=2025-04-29T17:28:00.015999918Z level=info msg="Sending alerts to local notifier" count=1
logger=ngalert.sender.router rule_uid=e7339430-ed3b-47e7-9d3f-3d75b8f5d330 org_id=1 t=2025-04-29T17:29:00.015338658Z level=info msg="Sending alerts to local notifier" count=1
logger=ngalert.sender.router rule_uid=e7339430-ed3b-47e7-9d3f-3d75b8f5d330 org_id=1 t=2025-04-29T17:30:00.014632831Z level=info msg="Sending alerts to local notifier" count=1
logger=ngalert.sender.router rule_uid=e7339430-ed3b-47e7-9d3f-3d75b8f5d330 org_id=1 t=2025-04-29T17:31:00.015218114Z level=info msg="Sending alerts to local notifier" count=1
logger=ngalert.sender.router rule_uid=e7339430-ed3b-47e7-9d3f-3d75b8f5d330 org_id=1 t=2025-04-29T17:32:00.015649212Z level=info msg="Sending alerts to local notifier" count=1
logger=ngalert.sender.router rule_uid=e7339430-ed3b-47e7-9d3f-3d75b8f5d330 org_id=1 t=2025-04-29T17:33:00.017001605Z level=info msg="Sending alerts to local notifier" count=1
logger=ngalert.sender.router rule_uid=e7339430-ed3b-47e7-9d3f-3d75b8f5d330 org_id=1 t=2025-04-29T17:34:00.016492442Z level=info msg="Sending alerts to local notifier" count=1
logger=ngalert.sender.router rule_uid=e7339430-ed3b-47e7-9d3f-3d75b8f5d330 org_id=1 t=2025-04-29T17:35:00.014968947Z level=info msg="Sending alerts to local notifier" count=1
logger=ngalert.sender.router rule_uid=e7339430-ed3b-47e7-9d3f-3d75b8f5d330 org_id=1 t=2025-04-29T17:36:00.015188187Z level=info msg="Sending alerts to local notifier" count=1
logger=ngalert.sender.router rule_uid=e7339430-ed3b-47e7-9d3f-3d75b8f5d330 org_id=1 t=2025-04-29T17:37:00.015524573Z level=info msg="Sending alerts to local notifier" count=1
logger=cleanup t=2025-04-29T17:37:16.295931809Z level=info msg="Completed cleanup jobs" duration=1.905276ms
logger=grafana.update.checker t=2025-04-29T17:37:16.576558058Z level=info msg="Update check succeeded" duration=18.95865ms
logger=plugins.update.checker t=2025-04-29T17:37:16.638798809Z level=info msg="Update check succeeded" duration=64.697347ms
logger=infra.usagestats t=2025-04-29T17:37:59.282720572Z level=info msg="Usage stats are ready to report"
logger=ngalert.sender.router rule_uid=e7339430-ed3b-47e7-9d3f-3d75b8f5d330 org_id=1 t=2025-04-29T17:38:00.016146632Z level=info msg="Sending alerts to local notifier" count=1
logger=ngalert.sender.router rule_uid=e7339430-ed3b-47e7-9d3f-3d75b8f5d330 org_id=1 t=2025-04-29T17:39:00.015419121Z level=info msg="Sending alerts to local notifier" count=1
logger=ngalert.sender.router rule_uid=e7339430-ed3b-47e7-9d3f-3d75b8f5d330 org_id=1 t=2025-04-29T17:40:00.014751018Z level=info msg="Sending alerts to local notifier" count=1
logger=ngalert.sender.router rule_uid=e7339430-ed3b-47e7-9d3f-3d75b8f5d330 org_id=1 t=2025-04-29T17:41:00.014830165Z level=info msg="Sending alerts to local notifier" count=1
logger=ngalert.sender.router rule_uid=e7339430-ed3b-47e7-9d3f-3d75b8f5d330 org_id=1 t=2025-04-29T17:42:00.016591739Z level=info msg="Sending alerts to local notifier" count=1
logger=ngalert.sender.router rule_uid=e7339430-ed3b-47e7-9d3f-3d75b8f5d330 org_id=1 t=2025-04-29T17:43:00.01650254Z level=info msg="Sending alerts to local notifier" count=1
logger=ngalert.sender.router rule_uid=e7339430-ed3b-47e7-9d3f-3d75b8f5d330 org_id=1 t=2025-04-29T17:44:00.017514748Z level=info msg="Sending alerts to local notifier" count=1
logger=ngalert.sender.router rule_uid=e7339430-ed3b-47e7-9d3f-3d75b8f5d330 org_id=1 t=2025-04-29T17:45:00.016031512Z level=info msg="Sending alerts to local notifier" count=1
logger=ngalert.sender.router rule_uid=e7339430-ed3b-47e7-9d3f-3d75b8f5d330 org_id=1 t=2025-04-29T17:46:00.017382624Z level=info msg="Sending alerts to local notifier" count=1
logger=ngalert.sender.router rule_uid=e7339430-ed3b-47e7-9d3f-3d75b8f5d330 org_id=1 t=2025-04-29T17:47:00.023371445Z level=info msg="Sending alerts to local notifier" count=1
logger=cleanup t=2025-04-29T17:47:16.29708767Z level=info msg="Completed cleanup jobs" duration=2.096651ms
logger=grafana.update.checker t=2025-04-29T17:47:16.572919417Z level=info msg="Update check succeeded" duration=14.930685ms
logger=plugins.update.checker t=2025-04-29T17:47:16.60735965Z level=info msg="Update check succeeded" duration=33.46607ms
logger=ngalert.sender.router rule_uid=e7339430-ed3b-47e7-9d3f-3d75b8f5d330 org_id=1 t=2025-04-29T17:48:00.020078389Z level=info msg="Sending alerts to local notifier" count=1
logger=ngalert.sender.router rule_uid=e7339430-ed3b-47e7-9d3f-3d75b8f5d330 org_id=1 t=2025-04-29T17:49:00.025175332Z level=info msg="Sending alerts to local notifier" count=1
logger=ngalert.sender.router rule_uid=e7339430-ed3b-47e7-9d3f-3d75b8f5d330 org_id=1 t=2025-04-29T17:50:00.022195601Z level=info msg="Sending alerts to local notifier" count=1
logger=ngalert.sender.router rule_uid=e7339430-ed3b-47e7-9d3f-3d75b8f5d330 org_id=1 t=2025-04-29T17:51:00.019247385Z level=info msg="Sending alerts to local notifier" count=1
logger=ngalert.sender.router rule_uid=e7339430-ed3b-47e7-9d3f-3d75b8f5d330 org_id=1 t=2025-04-29T17:52:00.020526312Z level=info msg="Sending alerts to local notifier" count=1
logger=ngalert.sender.router rule_uid=e7339430-ed3b-47e7-9d3f-3d75b8f5d330 org_id=1 t=2025-04-29T17:53:00.020851757Z level=info msg="Sending alerts to local notifier" count=1
logger=ngalert.sender.router rule_uid=e7339430-ed3b-47e7-9d3f-3d75b8f5d330 org_id=1 t=2025-04-29T17:54:00.019039605Z level=info msg="Sending alerts to local notifier" count=1
logger=ngalert.sender.router rule_uid=e7339430-ed3b-47e7-9d3f-3d75b8f5d330 org_id=1 t=2025-04-29T17:55:00.019959944Z level=info msg="Sending alerts to local notifier" count=1
logger=ngalert.sender.router rule_uid=e7339430-ed3b-47e7-9d3f-3d75b8f5d330 org_id=1 t=2025-04-29T17:56:00.020255478Z level=info msg="Sending alerts to local notifier" count=1
logger=ngalert.sender.router rule_uid=e7339430-ed3b-47e7-9d3f-3d75b8f5d330 org_id=1 t=2025-04-29T17:57:00.019847425Z level=info msg="Sending alerts to local notifier" count=1
logger=cleanup t=2025-04-29T17:57:16.29692621Z level=info msg="Completed cleanup jobs" duration=2.035295ms
logger=grafana.update.checker t=2025-04-29T17:57:16.584880797Z level=info msg="Update check succeeded" duration=26.893613ms
logger=plugins.update.checker t=2025-04-29T17:57:16.626509272Z level=info msg="Update check succeeded" duration=52.776376ms
logger=ngalert.sender.router rule_uid=e7339430-ed3b-47e7-9d3f-3d75b8f5d330 org_id=1 t=2025-04-29T17:58:00.019877428Z level=info msg="Sending alerts to local notifier" count=1
logger=ngalert.sender.router rule_uid=e7339430-ed3b-47e7-9d3f-3d75b8f5d330 org_id=1 t=2025-04-29T17:59:00.024028081Z level=info msg="Sending alerts to local notifier" count=1
logger=ngalert.sender.router rule_uid=e7339430-ed3b-47e7-9d3f-3d75b8f5d330 org_id=1 t=2025-04-29T18:00:00.023778105Z level=info msg="Sending alerts to local notifier" count=1
logger=ngalert.sender.router rule_uid=e7339430-ed3b-47e7-9d3f-3d75b8f5d330 org_id=1 t=2025-04-29T18:01:00.023352261Z level=info msg="Sending alerts to local notifier" count=1
logger=ngalert.sender.router rule_uid=e7339430-ed3b-47e7-9d3f-3d75b8f5d330 org_id=1 t=2025-04-29T18:02:00.020932928Z level=info msg="Sending alerts to local notifier" count=1
logger=ngalert.sender.router rule_uid=e7339430-ed3b-47e7-9d3f-3d75b8f5d330 org_id=1 t=2025-04-29T18:03:00.0224512Z level=info msg="Sending alerts to local notifier" count=1
logger=ngalert.sender.router rule_uid=e7339430-ed3b-47e7-9d3f-3d75b8f5d330 org_id=1 t=2025-04-29T18:04:00.022878715Z level=info msg="Sending alerts to local notifier" count=1
logger=ngalert.sender.router rule_uid=e7339430-ed3b-47e7-9d3f-3d75b8f5d330 org_id=1 t=2025-04-29T18:05:00.026108001Z level=info msg="Sending alerts to local notifier" count=1
logger=ngalert.sender.router rule_uid=e7339430-ed3b-47e7-9d3f-3d75b8f5d330 org_id=1 t=2025-04-29T18:06:00.024682608Z level=info msg="Sending alerts to local notifier" count=1
logger=ngalert.sender.router rule_uid=e7339430-ed3b-47e7-9d3f-3d75b8f5d330 org_id=1 t=2025-04-29T18:07:00.019710923Z level=info msg="Sending alerts to local notifier" count=1
logger=cleanup t=2025-04-29T18:07:16.297078025Z level=info msg="Completed cleanup jobs" duration=2.59758ms
logger=grafana.update.checker t=2025-04-29T18:07:16.570647503Z level=info msg="Update check succeeded" duration=13.14156ms
logger=plugins.update.checker t=2025-04-29T18:07:16.613288953Z level=info msg="Update check succeeded" duration=38.550298ms
logger=infra.usagestats t=2025-04-29T18:07:59.283676137Z level=info msg="Usage stats are ready to report"
logger=ngalert.sender.router rule_uid=e7339430-ed3b-47e7-9d3f-3d75b8f5d330 org_id=1 t=2025-04-29T18:08:00.018931021Z level=info msg="Sending alerts to local notifier" count=1
logger=ngalert.sender.router rule_uid=e7339430-ed3b-47e7-9d3f-3d75b8f5d330 org_id=1 t=2025-04-29T18:09:00.024314331Z level=info msg="Sending alerts to local notifier" count=1
logger=ngalert.sender.router rule_uid=e7339430-ed3b-47e7-9d3f-3d75b8f5d330 org_id=1 t=2025-04-29T18:10:00.015384237Z level=info msg="Sending alerts to local notifier" count=1
logger=ngalert.sender.router rule_uid=e7339430-ed3b-47e7-9d3f-3d75b8f5d330 org_id=1 t=2025-04-29T18:11:00.015057094Z level=info msg="Sending alerts to local notifier" count=1
logger=ngalert.sender.router rule_uid=e7339430-ed3b-47e7-9d3f-3d75b8f5d330 org_id=1 t=2025-04-29T18:12:00.017262526Z level=info msg="Sending alerts to local notifier" count=1
logger=ngalert.sender.router rule_uid=e7339430-ed3b-47e7-9d3f-3d75b8f5d330 org_id=1 t=2025-04-29T18:13:00.017327828Z level=info msg="Sending alerts to local notifier" count=1
logger=ngalert.sender.router rule_uid=e7339430-ed3b-47e7-9d3f-3d75b8f5d330 org_id=1 t=2025-04-29T18:14:00.01596889Z level=info msg="Sending alerts to local notifier" count=1
logger=ngalert.sender.router rule_uid=e7339430-ed3b-47e7-9d3f-3d75b8f5d330 org_id=1 t=2025-04-29T18:15:00.0152943Z level=info msg="Sending alerts to local notifier" count=1
logger=ngalert.sender.router rule_uid=e7339430-ed3b-47e7-9d3f-3d75b8f5d330 org_id=1 t=2025-04-29T18:16:00.017764315Z level=info msg="Sending alerts to local notifier" count=1
logger=ngalert.sender.router rule_uid=e7339430-ed3b-47e7-9d3f-3d75b8f5d330 org_id=1 t=2025-04-29T18:17:00.015416214Z level=info msg="Sending alerts to local notifier" count=1
logger=cleanup t=2025-04-29T18:17:16.297401764Z level=info msg="Completed cleanup jobs" duration=2.521762ms
logger=grafana.update.checker t=2025-04-29T18:17:16.57082352Z level=info msg="Update check succeeded" duration=13.764278ms
logger=plugins.update.checker t=2025-04-29T18:17:16.609942401Z level=info msg="Update check succeeded" duration=35.987708ms
logger=ngalert.sender.router rule_uid=e7339430-ed3b-47e7-9d3f-3d75b8f5d330 org_id=1 t=2025-04-29T18:18:00.01704336Z level=info msg="Sending alerts to local notifier" count=1
logger=ngalert.sender.router rule_uid=e7339430-ed3b-47e7-9d3f-3d75b8f5d330 org_id=1 t=2025-04-29T18:19:00.015306657Z level=info msg="Sending alerts to local notifier" count=1
logger=ngalert.sender.router rule_uid=e7339430-ed3b-47e7-9d3f-3d75b8f5d330 org_id=1 t=2025-04-29T18:20:00.015967704Z level=info msg="Sending alerts to local notifier" count=1
logger=ngalert.sender.router rule_uid=e7339430-ed3b-47e7-9d3f-3d75b8f5d330 org_id=1 t=2025-04-29T18:21:00.015166021Z level=info msg="Sending alerts to local notifier" count=1
logger=ngalert.sender.router rule_uid=e7339430-ed3b-47e7-9d3f-3d75b8f5d330 org_id=1 t=2025-04-29T18:22:00.01472881Z level=info msg="Sending alerts to local notifier" count=1
logger=context userId=0 orgId=0 uname= t=2025-04-29T18:22:21.367058718Z level=info msg="Request Completed" method=GET path=/ status=302 remote_addr=185.247.137.39 time_ms=1 duration=1.521239ms size=29 referer= handler=/
logger=http.server t=2025-04-29T18:22:21.599715712Z level=error msg="Failed to parse user ID" error="identifier is not initialized"
logger=ngalert.sender.router rule_uid=e7339430-ed3b-47e7-9d3f-3d75b8f5d330 org_id=1 t=2025-04-29T18:23:00.015494693Z level=info msg="Sending alerts to local notifier" count=1
logger=ngalert.state.manager rule_uid=e7339430-ed3b-47e7-9d3f-3d75b8f5d330 org_id=1 t=2025-04-29T18:24:00.009380987Z level=info msg="Detected stale state entry" cacheID="[[\"Communications\",\"Older than 5 minutes\"],[\"__alert_rule_namespace_uid__\",\"a2011903-e94e-4a19-81d3-7654b87e5079\"],[\"__alert_rule_uid__\",\"e7339430-ed3b-47e7-9d3f-3d75b8f5d330\"],[\"alertname\",\"MQTT-Facility Communication Loss Detection\"],[\"fullname\",\"WATERBRIDGE.Rayburn.Rayburn_External.CompactLogix01.Load Reduction.Facility.Inhibit_Cmd\"],[\"grafana_folder\",\"MQTT alerts\"],[\"site_name\",\"Rayburn\"]]" state=Error reason=
logger=ngalert.sender.router rule_uid=e7339430-ed3b-47e7-9d3f-3d75b8f5d330 org_id=1 t=2025-04-29T18:24:00.024430088Z level=info msg="Sending alerts to local notifier" count=1
logger=ngalert.sender.router rule_uid=e7339430-ed3b-47e7-9d3f-3d75b8f5d330 org_id=1 t=2025-04-29T18:25:00.016621994Z level=info msg="Sending alerts to local notifier" count=1
logger=ngalert.sender.router rule_uid=e7339430-ed3b-47e7-9d3f-3d75b8f5d330 org_id=1 t=2025-04-29T18:26:00.015453085Z level=info msg="Sending alerts to local notifier" count=1
logger=ngalert.sender.router rule_uid=e7339430-ed3b-47e7-9d3f-3d75b8f5d330 org_id=1 t=2025-04-29T18:27:00.015569456Z level=info msg="Sending alerts to local notifier" count=1
logger=cleanup t=2025-04-29T18:27:16.296665962Z level=info msg="Completed cleanup jobs" duration=2.133353ms
logger=grafana.update.checker t=2025-04-29T18:27:16.570467106Z level=info msg="Update check succeeded" duration=12.811246ms
logger=plugins.update.checker t=2025-04-29T18:27:16.610780336Z level=info msg="Update check succeeded" duration=36.197129ms
logger=ngalert.sender.router rule_uid=e7339430-ed3b-47e7-9d3f-3d75b8f5d330 org_id=1 t=2025-04-29T18:28:00.015663198Z level=info msg="Sending alerts to local notifier" count=1
logger=ngalert.sender.router rule_uid=e7339430-ed3b-47e7-9d3f-3d75b8f5d330 org_id=1 t=2025-04-29T18:29:00.016962875Z level=info msg="Sending alerts to local notifier" count=1
logger=ngalert.sender.router rule_uid=e7339430-ed3b-47e7-9d3f-3d75b8f5d330 org_id=1 t=2025-04-29T18:30:00.017956994Z level=info msg="Sending alerts to local notifier" count=1
logger=ngalert.sender.router rule_uid=e7339430-ed3b-47e7-9d3f-3d75b8f5d330 org_id=1 t=2025-04-29T18:31:00.018004905Z level=info msg="Sending alerts to local notifier" count=1
logger=ngalert.sender.router rule_uid=e7339430-ed3b-47e7-9d3f-3d75b8f5d330 org_id=1 t=2025-04-29T18:32:00.015396665Z level=info msg="Sending alerts to local notifier" count=1
logger=ngalert.sender.router rule_uid=e7339430-ed3b-47e7-9d3f-3d75b8f5d330 org_id=1 t=2025-04-29T18:33:00.015884079Z level=info msg="Sending alerts to local notifier" count=1
logger=ngalert.sender.router rule_uid=e7339430-ed3b-47e7-9d3f-3d75b8f5d330 org_id=1 t=2025-04-29T18:34:00.015948262Z level=info msg="Sending alerts to local notifier" count=1
logger=ngalert.sender.router rule_uid=e7339430-ed3b-47e7-9d3f-3d75b8f5d330 org_id=1 t=2025-04-29T18:35:00.016480884Z level=info msg="Sending alerts to local notifier" count=1
logger=ngalert.sender.router rule_uid=e7339430-ed3b-47e7-9d3f-3d75b8f5d330 org_id=1 t=2025-04-29T18:36:00.015220965Z level=info msg="Sending alerts to local notifier" count=1
logger=ngalert.sender.router rule_uid=e7339430-ed3b-47e7-9d3f-3d75b8f5d330 org_id=1 t=2025-04-29T18:37:00.015515164Z level=info msg="Sending alerts to local notifier" count=1
logger=cleanup t=2025-04-29T18:37:16.296625309Z level=info msg="Completed cleanup jobs" duration=1.869412ms
logger=grafana.update.checker t=2025-04-29T18:37:16.571491682Z level=info msg="Update check succeeded" duration=13.562027ms
logger=plugins.update.checker t=2025-04-29T18:37:16.611417725Z level=info msg="Update check succeeded" duration=36.981954ms
logger=infra.usagestats t=2025-04-29T18:37:59.282655997Z level=info msg="Usage stats are ready to report"
logger=ngalert.sender.router rule_uid=e7339430-ed3b-47e7-9d3f-3d75b8f5d330 org_id=1 t=2025-04-29T18:38:00.015476586Z level=info msg="Sending alerts to local notifier" count=1
logger=ngalert.sender.router rule_uid=e7339430-ed3b-47e7-9d3f-3d75b8f5d330 org_id=1 t=2025-04-29T18:39:00.014862255Z level=info msg="Sending alerts to local notifier" count=1
logger=ngalert.sender.router rule_uid=e7339430-ed3b-47e7-9d3f-3d75b8f5d330 org_id=1 t=2025-04-29T18:40:00.016896279Z level=info msg="Sending alerts to local notifier" count=1
logger=ngalert.sender.router rule_uid=e7339430-ed3b-47e7-9d3f-3d75b8f5d330 org_id=1 t=2025-04-29T18:41:00.015397484Z level=info msg="Sending alerts to local notifier" count=1
logger=ngalert.sender.router rule_uid=e7339430-ed3b-47e7-9d3f-3d75b8f5d330 org_id=1 t=2025-04-29T18:42:00.016579819Z level=info msg="Sending alerts to local notifier" count=1
logger=ngalert.sender.router rule_uid=e7339430-ed3b-47e7-9d3f-3d75b8f5d330 org_id=1 t=2025-04-29T18:43:00.017417031Z level=info msg="Sending alerts to local notifier" count=1
logger=ngalert.sender.router rule_uid=e7339430-ed3b-47e7-9d3f-3d75b8f5d330 org_id=1 t=2025-04-29T18:44:00.018008496Z level=info msg="Sending alerts to local notifier" count=1
logger=ngalert.sender.router rule_uid=e7339430-ed3b-47e7-9d3f-3d75b8f5d330 org_id=1 t=2025-04-29T18:45:00.035289176Z level=info msg="Sending alerts to local notifier" count=1
logger=ngalert.sender.router rule_uid=e7339430-ed3b-47e7-9d3f-3d75b8f5d330 org_id=1 t=2025-04-29T18:46:00.017530851Z level=info msg="Sending alerts to local notifier" count=1
logger=ngalert.sender.router rule_uid=e7339430-ed3b-47e7-9d3f-3d75b8f5d330 org_id=1 t=2025-04-29T18:47:00.016496681Z level=info msg="Sending alerts to local notifier" count=1
logger=cleanup t=2025-04-29T18:47:16.296720754Z level=info msg="Completed cleanup jobs" duration=1.890623ms
logger=grafana.update.checker t=2025-04-29T18:47:16.574274469Z level=info msg="Update check succeeded" duration=17.04842ms
logger=plugins.update.checker t=2025-04-29T18:47:16.605199228Z level=info msg="Update check succeeded" duration=31.051652ms
logger=ngalert.sender.router rule_uid=e7339430-ed3b-47e7-9d3f-3d75b8f5d330 org_id=1 t=2025-04-29T18:48:00.016409398Z level=info msg="Sending alerts to local notifier" count=1
logger=ngalert.sender.router rule_uid=e7339430-ed3b-47e7-9d3f-3d75b8f5d330 org_id=1 t=2025-04-29T18:49:00.015406754Z level=info msg="Sending alerts to local notifier" count=1
logger=ngalert.sender.router rule_uid=e7339430-ed3b-47e7-9d3f-3d75b8f5d330 org_id=1 t=2025-04-29T18:50:00.014950732Z level=info msg="Sending alerts to local notifier" count=1
logger=ngalert.sender.router rule_uid=e7339430-ed3b-47e7-9d3f-3d75b8f5d330 org_id=1 t=2025-04-29T18:51:00.021004824Z level=info msg="Sending alerts to local notifier" count=1
logger=context userId=0 orgId=0 uname= t=2025-04-29T18:51:23.550740794Z level=info msg="Request Completed" method=GET path=/ status=302 remote_addr=20.171.24.227 time_ms=0 duration=132.105µs size=29 referer= handler=/
logger=ngalert.sender.router rule_uid=e7339430-ed3b-47e7-9d3f-3d75b8f5d330 org_id=1 t=2025-04-29T18:52:00.016918548Z level=info msg="Sending alerts to local notifier" count=1
logger=ngalert.sender.router rule_uid=e7339430-ed3b-47e7-9d3f-3d75b8f5d330 org_id=1 t=2025-04-29T18:53:00.017510314Z level=info msg="Sending alerts to local notifier" count=1
logger=ngalert.sender.router rule_uid=e7339430-ed3b-47e7-9d3f-3d75b8f5d330 org_id=1 t=2025-04-29T18:54:00.015476986Z level=info msg="Sending alerts to local notifier" count=1
logger=ngalert.sender.router rule_uid=e7339430-ed3b-47e7-9d3f-3d75b8f5d330 org_id=1 t=2025-04-29T18:55:00.014593685Z level=info msg="Sending alerts to local notifier" count=1
logger=ngalert.sender.router rule_uid=e7339430-ed3b-47e7-9d3f-3d75b8f5d330 org_id=1 t=2025-04-29T18:56:00.01651102Z level=info msg="Sending alerts to local notifier" count=1
logger=ngalert.sender.router rule_uid=e7339430-ed3b-47e7-9d3f-3d75b8f5d330 org_id=1 t=2025-04-29T18:57:00.014519715Z level=info msg="Sending alerts to local notifier" count=1
logger=cleanup t=2025-04-29T18:57:16.296812373Z level=info msg="Completed cleanup jobs" duration=2.128033ms
logger=grafana.update.checker t=2025-04-29T18:57:16.573682342Z level=info msg="Update check succeeded" duration=16.40277ms
logger=plugins.update.checker t=2025-04-29T18:57:16.61614449Z level=info msg="Update check succeeded" duration=42.346483ms
logger=ngalert.sender.router rule_uid=e7339430-ed3b-47e7-9d3f-3d75b8f5d330 org_id=1 t=2025-04-29T18:58:00.01561401Z level=info msg="Sending alerts to local notifier" count=1
logger=ngalert.sender.router rule_uid=e7339430-ed3b-47e7-9d3f-3d75b8f5d330 org_id=1 t=2025-04-29T18:59:00.016208305Z level=info msg="Sending alerts to local notifier" count=1
logger=ngalert.sender.router rule_uid=e7339430-ed3b-47e7-9d3f-3d75b8f5d330 org_id=1 t=2025-04-29T19:00:00.015768639Z level=info msg="Sending alerts to local notifier" count=1
logger=ngalert.sender.router rule_uid=e7339430-ed3b-47e7-9d3f-3d75b8f5d330 org_id=1 t=2025-04-29T19:01:00.025198772Z level=info msg="Sending alerts to local notifier" count=1
logger=ngalert.sender.router rule_uid=e7339430-ed3b-47e7-9d3f-3d75b8f5d330 org_id=1 t=2025-04-29T19:02:00.014807888Z level=info msg="Sending alerts to local notifier" count=1
logger=ngalert.sender.router rule_uid=e7339430-ed3b-47e7-9d3f-3d75b8f5d330 org_id=1 t=2025-04-29T19:03:00.015825881Z level=info msg="Sending alerts to local notifier" count=1
logger=ngalert.sender.router rule_uid=e7339430-ed3b-47e7-9d3f-3d75b8f5d330 org_id=1 t=2025-04-29T19:04:00.015498676Z level=info msg="Sending alerts to local notifier" count=1
logger=ngalert.sender.router rule_uid=e7339430-ed3b-47e7-9d3f-3d75b8f5d330 org_id=1 t=2025-04-29T19:05:00.017491351Z level=info msg="Sending alerts to local notifier" count=1
logger=ngalert.sender.router rule_uid=e7339430-ed3b-47e7-9d3f-3d75b8f5d330 org_id=1 t=2025-04-29T19:06:00.014777064Z level=info msg="Sending alerts to local notifier" count=1
logger=ngalert.sender.router rule_uid=e7339430-ed3b-47e7-9d3f-3d75b8f5d330 org_id=1 t=2025-04-29T19:07:00.020423233Z level=info msg="Sending alerts to local notifier" count=1
logger=cleanup t=2025-04-29T19:07:16.299576169Z level=info msg="Completed cleanup jobs" duration=4.646686ms
logger=grafana.update.checker t=2025-04-29T19:07:16.576474357Z level=info msg="Update check succeeded" duration=18.610361ms
logger=plugins.update.checker t=2025-04-29T19:07:16.607070365Z level=info msg="Update check succeeded" duration=32.956833ms
logger=infra.usagestats t=2025-04-29T19:07:59.2882488Z level=info msg="Usage stats are ready to report"
logger=ngalert.sender.router rule_uid=e7339430-ed3b-47e7-9d3f-3d75b8f5d330 org_id=1 t=2025-04-29T19:08:00.015424244Z level=info msg="Sending alerts to local notifier" count=1
logger=ngalert.sender.router rule_uid=e7339430-ed3b-47e7-9d3f-3d75b8f5d330 org_id=1 t=2025-04-29T19:09:00.015197463Z level=info msg="Sending alerts to local notifier" count=1
logger=ngalert.sender.router rule_uid=e7339430-ed3b-47e7-9d3f-3d75b8f5d330 org_id=1 t=2025-04-29T19:10:00.01536744Z level=info msg="Sending alerts to local notifier" count=1
logger=ngalert.sender.router rule_uid=e7339430-ed3b-47e7-9d3f-3d75b8f5d330 org_id=1 t=2025-04-29T19:11:00.016237259Z level=info msg="Sending alerts to local notifier" count=1
logger=ngalert.sender.router rule_uid=e7339430-ed3b-47e7-9d3f-3d75b8f5d330 org_id=1 t=2025-04-29T19:12:00.014956064Z level=info msg="Sending alerts to local notifier" count=1
logger=ngalert.sender.router rule_uid=e7339430-ed3b-47e7-9d3f-3d75b8f5d330 org_id=1 t=2025-04-29T19:13:00.01557579Z level=info msg="Sending alerts to local notifier" count=1
logger=ngalert.sender.router rule_uid=e7339430-ed3b-47e7-9d3f-3d75b8f5d330 org_id=1 t=2025-04-29T19:14:00.01784458Z level=info msg="Sending alerts to local notifier" count=1
logger=ngalert.sender.router rule_uid=e7339430-ed3b-47e7-9d3f-3d75b8f5d330 org_id=1 t=2025-04-29T19:15:00.019061164Z level=info msg="Sending alerts to local notifier" count=1
logger=ngalert.sender.router rule_uid=e7339430-ed3b-47e7-9d3f-3d75b8f5d330 org_id=1 t=2025-04-29T19:16:00.015830081Z level=info msg="Sending alerts to local notifier" count=1
logger=ngalert.sender.router rule_uid=e7339430-ed3b-47e7-9d3f-3d75b8f5d330 org_id=1 t=2025-04-29T19:17:00.015285223Z level=info msg="Sending alerts to local notifier" count=1
logger=cleanup t=2025-04-29T19:17:16.297656087Z level=info msg="Completed cleanup jobs" duration=2.804548ms
logger=grafana.update.checker t=2025-04-29T19:17:16.571339313Z level=info msg="Update check succeeded" duration=13.339183ms
logger=plugins.update.checker t=2025-04-29T19:17:16.607816686Z level=info msg="Update check succeeded" duration=33.372297ms
logger=ngalert.sender.router rule_uid=e7339430-ed3b-47e7-9d3f-3d75b8f5d330 org_id=1 t=2025-04-29T19:18:00.01786823Z level=info msg="Sending alerts to local notifier" count=1
logger=ngalert.sender.router rule_uid=e7339430-ed3b-47e7-9d3f-3d75b8f5d330 org_id=1 t=2025-04-29T19:19:00.015251437Z level=info msg="Sending alerts to local notifier" count=1
logger=ngalert.sender.router rule_uid=e7339430-ed3b-47e7-9d3f-3d75b8f5d330 org_id=1 t=2025-04-29T19:20:00.016952806Z level=info msg="Sending alerts to local notifier" count=1
logger=ngalert.sender.router rule_uid=e7339430-ed3b-47e7-9d3f-3d75b8f5d330 org_id=1 t=2025-04-29T19:21:00.016474949Z level=info msg="Sending alerts to local notifier" count=1
logger=ngalert.sender.router rule_uid=e7339430-ed3b-47e7-9d3f-3d75b8f5d330 org_id=1 t=2025-04-29T19:22:00.015938795Z level=info msg="Sending alerts to local notifier" count=1
logger=ngalert.sender.router rule_uid=e7339430-ed3b-47e7-9d3f-3d75b8f5d330 org_id=1 t=2025-04-29T19:23:00.015472013Z level=info msg="Sending alerts to local notifier" count=1
logger=ngalert.sender.router rule_uid=e7339430-ed3b-47e7-9d3f-3d75b8f5d330 org_id=1 t=2025-04-29T19:24:00.015850109Z level=info msg="Sending alerts to local notifier" count=1
logger=ngalert.sender.router rule_uid=e7339430-ed3b-47e7-9d3f-3d75b8f5d330 org_id=1 t=2025-04-29T19:25:00.015539991Z level=info msg="Sending alerts to local notifier" count=1
logger=ngalert.sender.router rule_uid=e7339430-ed3b-47e7-9d3f-3d75b8f5d330 org_id=1 t=2025-04-29T19:26:00.015663367Z level=info msg="Sending alerts to local notifier" count=1
logger=ngalert.sender.router rule_uid=e7339430-ed3b-47e7-9d3f-3d75b8f5d330 org_id=1 t=2025-04-29T19:27:00.015723102Z level=info msg="Sending alerts to local notifier" count=1
logger=cleanup t=2025-04-29T19:27:16.297498243Z level=info msg="Completed cleanup jobs" duration=2.700134ms
logger=grafana.update.checker t=2025-04-29T19:27:16.570052274Z level=info msg="Update check succeeded" duration=13.123867ms
logger=plugins.update.checker t=2025-04-29T19:27:16.620972983Z level=info msg="Update check succeeded" duration=46.797303ms
logger=ngalert.sender.router rule_uid=e7339430-ed3b-47e7-9d3f-3d75b8f5d330 org_id=1 t=2025-04-29T19:28:00.015680748Z level=info msg="Sending alerts to local notifier" count=1
logger=ngalert.sender.router rule_uid=e7339430-ed3b-47e7-9d3f-3d75b8f5d330 org_id=1 t=2025-04-29T19:29:00.016104717Z level=info msg="Sending alerts to local notifier" count=1
logger=ngalert.sender.router rule_uid=e7339430-ed3b-47e7-9d3f-3d75b8f5d330 org_id=1 t=2025-04-29T19:30:00.016534145Z level=info msg="Sending alerts to local notifier" count=1
logger=ngalert.sender.router rule_uid=e7339430-ed3b-47e7-9d3f-3d75b8f5d330 org_id=1 t=2025-04-29T19:31:00.015605827Z level=info msg="Sending alerts to local notifier" count=1
logger=ngalert.sender.router rule_uid=e7339430-ed3b-47e7-9d3f-3d75b8f5d330 org_id=1 t=2025-04-29T19:32:00.014998538Z level=info msg="Sending alerts to local notifier" count=1
logger=ngalert.sender.router rule_uid=e7339430-ed3b-47e7-9d3f-3d75b8f5d330 org_id=1 t=2025-04-29T19:33:00.016624425Z level=info msg="Sending alerts to local notifier" count=1
logger=ngalert.sender.router rule_uid=e7339430-ed3b-47e7-9d3f-3d75b8f5d330 org_id=1 t=2025-04-29T19:34:00.016253819Z level=info msg="Sending alerts to local notifier" count=1
logger=ngalert.sender.router rule_uid=e7339430-ed3b-47e7-9d3f-3d75b8f5d330 org_id=1 t=2025-04-29T19:35:00.01637427Z level=info msg="Sending alerts to local notifier" count=1
logger=ngalert.sender.router rule_uid=e7339430-ed3b-47e7-9d3f-3d75b8f5d330 org_id=1 t=2025-04-29T19:36:00.01678722Z level=info msg="Sending alerts to local notifier" count=1
logger=ngalert.sender.router rule_uid=e7339430-ed3b-47e7-9d3f-3d75b8f5d330 org_id=1 t=2025-04-29T19:37:00.018165077Z level=info msg="Sending alerts to local notifier" count=1
logger=cleanup t=2025-04-29T19:37:16.29840275Z level=info msg="Completed cleanup jobs" duration=4.388616ms
logger=grafana.update.checker t=2025-04-29T19:37:16.578736529Z level=info msg="Update check succeeded" duration=21.813099ms
logger=plugins.update.checker t=2025-04-29T19:37:16.617001493Z level=info msg="Update check succeeded" duration=43.091878ms
logger=infra.usagestats t=2025-04-29T19:37:59.284060183Z level=info msg="Usage stats are ready to report"
logger=ngalert.sender.router rule_uid=e7339430-ed3b-47e7-9d3f-3d75b8f5d330 org_id=1 t=2025-04-29T19:38:00.015189142Z level=info msg="Sending alerts to local notifier" count=1
logger=ngalert.sender.router rule_uid=e7339430-ed3b-47e7-9d3f-3d75b8f5d330 org_id=1 t=2025-04-29T19:39:00.016562124Z level=info msg="Sending alerts to local notifier" count=1
logger=ngalert.sender.router rule_uid=e7339430-ed3b-47e7-9d3f-3d75b8f5d330 org_id=1 t=2025-04-29T19:40:00.016239731Z level=info msg="Sending alerts to local notifier" count=1
logger=ngalert.sender.router rule_uid=e7339430-ed3b-47e7-9d3f-3d75b8f5d330 org_id=1 t=2025-04-29T19:41:00.016421559Z level=info msg="Sending alerts to local notifier" count=1
logger=ngalert.sender.router rule_uid=e7339430-ed3b-47e7-9d3f-3d75b8f5d330 org_id=1 t=2025-04-29T19:42:00.015408867Z level=info msg="Sending alerts to local notifier" count=1
logger=ngalert.sender.router rule_uid=e7339430-ed3b-47e7-9d3f-3d75b8f5d330 org_id=1 t=2025-04-29T19:43:00.015926118Z level=info msg="Sending alerts to local notifier" count=1
logger=ngalert.sender.router rule_uid=e7339430-ed3b-47e7-9d3f-3d75b8f5d330 org_id=1 t=2025-04-29T19:44:00.017498882Z level=info msg="Sending alerts to local notifier" count=1
logger=ngalert.sender.router rule_uid=e7339430-ed3b-47e7-9d3f-3d75b8f5d330 org_id=1 t=2025-04-29T19:45:00.015797255Z level=info msg="Sending alerts to local notifier" count=1
logger=ngalert.sender.router rule_uid=e7339430-ed3b-47e7-9d3f-3d75b8f5d330 org_id=1 t=2025-04-29T19:46:00.015781907Z level=info msg="Sending alerts to local notifier" count=1
logger=ngalert.sender.router rule_uid=e7339430-ed3b-47e7-9d3f-3d75b8f5d330 org_id=1 t=2025-04-29T19:47:00.015050023Z level=info msg="Sending alerts to local notifier" count=1
logger=cleanup t=2025-04-29T19:47:16.296194107Z level=info msg="Completed cleanup jobs" duration=1.858313ms
logger=grafana.update.checker t=2025-04-29T19:47:16.570319015Z level=info msg="Update check succeeded" duration=12.903219ms
logger=plugins.update.checker t=2025-04-29T19:47:16.607739317Z level=info msg="Update check succeeded" duration=33.370407ms
logger=ngalert.sender.router rule_uid=e7339430-ed3b-47e7-9d3f-3d75b8f5d330 org_id=1 t=2025-04-29T19:48:00.014934638Z level=info msg="Sending alerts to local notifier" count=1
logger=ngalert.sender.router rule_uid=e7339430-ed3b-47e7-9d3f-3d75b8f5d330 org_id=1 t=2025-04-29T19:49:00.016172989Z level=info msg="Sending alerts to local notifier" count=1
logger=ngalert.sender.router rule_uid=e7339430-ed3b-47e7-9d3f-3d75b8f5d330 org_id=1 t=2025-04-29T19:50:00.019550838Z level=info msg="Sending alerts to local notifier" count=1
logger=ngalert.sender.router rule_uid=e7339430-ed3b-47e7-9d3f-3d75b8f5d330 org_id=1 t=2025-04-29T19:51:00.018210458Z level=info msg="Sending alerts to local notifier" count=1
logger=ngalert.sender.router rule_uid=e7339430-ed3b-47e7-9d3f-3d75b8f5d330 org_id=1 t=2025-04-29T19:52:00.019411104Z level=info msg="Sending alerts to local notifier" count=1
logger=ngalert.sender.router rule_uid=e7339430-ed3b-47e7-9d3f-3d75b8f5d330 org_id=1 t=2025-04-29T19:53:00.016248905Z level=info msg="Sending alerts to local notifier" count=1
logger=ngalert.sender.router rule_uid=e7339430-ed3b-47e7-9d3f-3d75b8f5d330 org_id=1 t=2025-04-29T19:54:00.02196549Z level=info msg="Sending alerts to local notifier" count=1
logger=ngalert.sender.router rule_uid=e7339430-ed3b-47e7-9d3f-3d75b8f5d330 org_id=1 t=2025-04-29T19:55:00.020910186Z level=info msg="Sending alerts to local notifier" count=1
logger=ngalert.sender.router rule_uid=e7339430-ed3b-47e7-9d3f-3d75b8f5d330 org_id=1 t=2025-04-29T19:56:00.021147036Z level=info msg="Sending alerts to local notifier" count=1
logger=ngalert.sender.router rule_uid=e7339430-ed3b-47e7-9d3f-3d75b8f5d330 org_id=1 t=2025-04-29T19:57:00.017355695Z level=info msg="Sending alerts to local notifier" count=1
logger=cleanup t=2025-04-29T19:57:16.296618945Z level=info msg="Completed cleanup jobs" duration=2.268958ms
logger=grafana.update.checker t=2025-04-29T19:57:16.5756305Z level=info msg="Update check succeeded" duration=18.244405ms
logger=plugins.update.checker t=2025-04-29T19:57:16.615179098Z level=info msg="Update check succeeded" duration=40.679829ms
logger=ngalert.sender.router rule_uid=e7339430-ed3b-47e7-9d3f-3d75b8f5d330 org_id=1 t=2025-04-29T19:58:00.016192104Z level=info msg="Sending alerts to local notifier" count=1
logger=ngalert.sender.router rule_uid=e7339430-ed3b-47e7-9d3f-3d75b8f5d330 org_id=1 t=2025-04-29T19:59:00.016291698Z level=info msg="Sending alerts to local notifier" count=1
logger=ngalert.state.manager rule_uid=e7339430-ed3b-47e7-9d3f-3d75b8f5d330 org_id=1 t=2025-04-29T20:00:00.013018601Z level=info msg="Detected stale state entry" cacheID="[[\"Communications\",\"Older than 5 minutes\"],[\"__alert_rule_namespace_uid__\",\"a2011903-e94e-4a19-81d3-7654b87e5079\"],[\"__alert_rule_uid__\",\"e7339430-ed3b-47e7-9d3f-3d75b8f5d330\"],[\"alertname\",\"MQTT-Facility Communication Loss Detection\"],[\"fullname\",\"WATERBRIDGE.Fonso.Fonso_External.CompactLogix01.Load Reduction.Facility.Inhibit_Cmd\"],[\"grafana_folder\",\"MQTT alerts\"],[\"site_name\",\"Fonso\"]]" state=Error reason=
logger=ngalert.sender.router rule_uid=e7339430-ed3b-47e7-9d3f-3d75b8f5d330 org_id=1 t=2025-04-29T20:00:00.035065366Z level=info msg="Sending alerts to local notifier" count=1
logger=ngalert.sender.router rule_uid=e7339430-ed3b-47e7-9d3f-3d75b8f5d330 org_id=1 t=2025-04-29T20:01:00.024727217Z level=info msg="Sending alerts to local notifier" count=1
logger=ngalert.sender.router rule_uid=e7339430-ed3b-47e7-9d3f-3d75b8f5d330 org_id=1 t=2025-04-29T20:02:00.021556689Z level=info msg="Sending alerts to local notifier" count=1
logger=ngalert.sender.router rule_uid=e7339430-ed3b-47e7-9d3f-3d75b8f5d330 org_id=1 t=2025-04-29T20:03:00.022381932Z level=info msg="Sending alerts to local notifier" count=1
logger=ngalert.sender.router rule_uid=e7339430-ed3b-47e7-9d3f-3d75b8f5d330 org_id=1 t=2025-04-29T20:04:00.020891507Z level=info msg="Sending alerts to local notifier" count=1
logger=ngalert.sender.router rule_uid=e7339430-ed3b-47e7-9d3f-3d75b8f5d330 org_id=1 t=2025-04-29T20:05:00.015553094Z level=info msg="Sending alerts to local notifier" count=1
logger=ngalert.sender.router rule_uid=e7339430-ed3b-47e7-9d3f-3d75b8f5d330 org_id=1 t=2025-04-29T20:06:00.014658215Z level=info msg="Sending alerts to local notifier" count=1
logger=ngalert.sender.router rule_uid=e7339430-ed3b-47e7-9d3f-3d75b8f5d330 org_id=1 t=2025-04-29T20:07:00.016000802Z level=info msg="Sending alerts to local notifier" count=1
logger=cleanup t=2025-04-29T20:07:16.300350961Z level=info msg="Completed cleanup jobs" duration=5.994099ms
logger=grafana.update.checker t=2025-04-29T20:07:16.569894095Z level=info msg="Update check succeeded" duration=12.482922ms
logger=plugins.update.checker t=2025-04-29T20:07:16.615436325Z level=info msg="Update check succeeded" duration=41.41741ms
logger=infra.usagestats t=2025-04-29T20:07:59.284589787Z level=info msg="Usage stats are ready to report"
logger=ngalert.sender.router rule_uid=e7339430-ed3b-47e7-9d3f-3d75b8f5d330 org_id=1 t=2025-04-29T20:08:00.016200085Z level=info msg="Sending alerts to local notifier" count=1
logger=ngalert.sender.router rule_uid=e7339430-ed3b-47e7-9d3f-3d75b8f5d330 org_id=1 t=2025-04-29T20:09:00.016346104Z level=info msg="Sending alerts to local notifier" count=1
logger=ngalert.sender.router rule_uid=e7339430-ed3b-47e7-9d3f-3d75b8f5d330 org_id=1 t=2025-04-29T20:10:00.016935922Z level=info msg="Sending alerts to local notifier" count=1
logger=ngalert.sender.router rule_uid=e7339430-ed3b-47e7-9d3f-3d75b8f5d330 org_id=1 t=2025-04-29T20:11:00.020423261Z level=info msg="Sending alerts to local notifier" count=1
logger=context userId=0 orgId=0 uname= t=2025-04-29T20:11:01.224601864Z level=info msg="Request Completed" method=GET path=/ status=302 remote_addr=147.185.132.43 time_ms=1 duration=1.283777ms size=29 referer= handler=/
logger=ngalert.sender.router rule_uid=e7339430-ed3b-47e7-9d3f-3d75b8f5d330 org_id=1 t=2025-04-29T20:12:00.015973841Z level=info msg="Sending alerts to local notifier" count=1
logger=ngalert.sender.router rule_uid=e7339430-ed3b-47e7-9d3f-3d75b8f5d330 org_id=1 t=2025-04-29T20:13:00.015813897Z level=info msg="Sending alerts to local notifier" count=1
logger=ngalert.sender.router rule_uid=e7339430-ed3b-47e7-9d3f-3d75b8f5d330 org_id=1 t=2025-04-29T20:14:00.017224944Z level=info msg="Sending alerts to local notifier" count=1
logger=ngalert.sender.router rule_uid=e7339430-ed3b-47e7-9d3f-3d75b8f5d330 org_id=1 t=2025-04-29T20:15:00.016245037Z level=info msg="Sending alerts to local notifier" count=1
logger=ngalert.sender.router rule_uid=e7339430-ed3b-47e7-9d3f-3d75b8f5d330 org_id=1 t=2025-04-29T20:16:00.015375745Z level=info msg="Sending alerts to local notifier" count=1
logger=ngalert.sender.router rule_uid=e7339430-ed3b-47e7-9d3f-3d75b8f5d330 org_id=1 t=2025-04-29T20:17:00.016849493Z level=info msg="Sending alerts to local notifier" count=1
logger=cleanup t=2025-04-29T20:17:16.297751361Z level=info msg="Completed cleanup jobs" duration=2.789369ms
logger=grafana.update.checker t=2025-04-29T20:17:16.581318726Z level=info msg="Update check succeeded" duration=23.744454ms
logger=plugins.update.checker t=2025-04-29T20:17:16.610902896Z level=info msg="Update check succeeded" duration=33.339778ms
logger=ngalert.sender.router rule_uid=e7339430-ed3b-47e7-9d3f-3d75b8f5d330 org_id=1 t=2025-04-29T20:18:00.016037263Z level=info msg="Sending alerts to local notifier" count=1
logger=ngalert.sender.router rule_uid=e7339430-ed3b-47e7-9d3f-3d75b8f5d330 org_id=1 t=2025-04-29T20:19:00.015700682Z level=info msg="Sending alerts to local notifier" count=1
logger=context userId=0 orgId=0 uname= t=2025-04-29T20:19:31.214272458Z level=info msg="Request Completed" method=GET path=/ status=302 remote_addr=199.45.155.64 time_ms=0 duration=154.593µs size=29 referer= handler=/
logger=context userId=0 orgId=0 uname= t=2025-04-29T20:19:42.535111158Z level=info msg="Request Completed" method=GET path=/ status=302 remote_addr=199.45.155.64 time_ms=0 duration=137.62µs size=29 referer= handler=/
logger=context userId=0 orgId=0 uname= t=2025-04-29T20:19:43.432399557Z level=info msg="Request Completed" method=PRI path=* status=302 remote_addr=199.45.155.64 time_ms=0 duration=193.018µs size=0 referer= handler=notfound
logger=http.server t=2025-04-29T20:19:46.956869875Z level=error msg="Failed to parse user ID" error="identifier is not initialized"
logger=context userId=0 orgId=0 uname= t=2025-04-29T20:19:48.926001736Z level=info msg="Request Completed" method=GET path=/favicon.ico status=302 remote_addr=199.45.155.64 time_ms=0 duration=232.365µs size=29 referer= handler=public-assets
logger=http.server t=2025-04-29T20:19:49.437227782Z level=error msg="Failed to parse user ID" error="identifier is not initialized"
logger=context userId=0 orgId=0 uname= t=2025-04-29T20:19:49.998759111Z level=info msg="Request Completed" method=PRI path=* status=302 remote_addr=199.45.155.64 time_ms=0 duration=106.432µs size=0 referer= handler=notfound
logger=context userId=0 orgId=0 uname= t=2025-04-29T20:19:55.118382684Z level=info msg="Request Completed" method=GET path=/ status=302 remote_addr=199.45.155.64 time_ms=0 duration=227.656µs size=29 referer= handler=/
logger=ngalert.sender.router rule_uid=e7339430-ed3b-47e7-9d3f-3d75b8f5d330 org_id=1 t=2025-04-29T20:20:00.016374729Z level=info msg="Sending alerts to local notifier" count=1
logger=ngalert.sender.router rule_uid=e7339430-ed3b-47e7-9d3f-3d75b8f5d330 org_id=1 t=2025-04-29T20:21:00.017731773Z level=info msg="Sending alerts to local notifier" count=1
logger=ngalert.sender.router rule_uid=e7339430-ed3b-47e7-9d3f-3d75b8f5d330 org_id=1 t=2025-04-29T20:22:00.018912834Z level=info msg="Sending alerts to local notifier" count=1
logger=ngalert.sender.router rule_uid=e7339430-ed3b-47e7-9d3f-3d75b8f5d330 org_id=1 t=2025-04-29T20:23:00.017346077Z level=info msg="Sending alerts to local notifier" count=1
logger=ngalert.sender.router rule_uid=e7339430-ed3b-47e7-9d3f-3d75b8f5d330 org_id=1 t=2025-04-29T20:24:00.015962848Z level=info msg="Sending alerts to local notifier" count=1
logger=ngalert.sender.router rule_uid=e7339430-ed3b-47e7-9d3f-3d75b8f5d330 org_id=1 t=2025-04-29T20:25:00.016428738Z level=info msg="Sending alerts to local notifier" count=1
logger=ngalert.sender.router rule_uid=e7339430-ed3b-47e7-9d3f-3d75b8f5d330 org_id=1 t=2025-04-29T20:26:00.016386143Z level=info msg="Sending alerts to local notifier" count=1
logger=ngalert.sender.router rule_uid=e7339430-ed3b-47e7-9d3f-3d75b8f5d330 org_id=1 t=2025-04-29T20:27:00.015378531Z level=info msg="Sending alerts to local notifier" count=1
logger=cleanup t=2025-04-29T20:27:16.29718942Z level=info msg="Completed cleanup jobs" duration=2.474862ms
logger=grafana.update.checker t=2025-04-29T20:27:16.570781468Z level=info msg="Update check succeeded" duration=12.950062ms
logger=plugins.update.checker t=2025-04-29T20:27:16.605490475Z level=info msg="Update check succeeded" duration=31.608001ms
logger=ngalert.sender.router rule_uid=e7339430-ed3b-47e7-9d3f-3d75b8f5d330 org_id=1 t=2025-04-29T20:28:00.015012407Z level=info msg="Sending alerts to local notifier" count=1
logger=ngalert.sender.router rule_uid=e7339430-ed3b-47e7-9d3f-3d75b8f5d330 org_id=1 t=2025-04-29T20:29:00.015762156Z level=info msg="Sending alerts to local notifier" count=1
logger=ngalert.sender.router rule_uid=e7339430-ed3b-47e7-9d3f-3d75b8f5d330 org_id=1 t=2025-04-29T20:30:00.017479506Z level=info msg="Sending alerts to local notifier" count=1
logger=ngalert.sender.router rule_uid=e7339430-ed3b-47e7-9d3f-3d75b8f5d330 org_id=1 t=2025-04-29T20:31:00.018297274Z level=info msg="Sending alerts to local notifier" count=1
logger=ngalert.sender.router rule_uid=e7339430-ed3b-47e7-9d3f-3d75b8f5d330 org_id=1 t=2025-04-29T20:32:00.019717221Z level=info msg="Sending alerts to local notifier" count=1
logger=ngalert.sender.router rule_uid=e7339430-ed3b-47e7-9d3f-3d75b8f5d330 org_id=1 t=2025-04-29T20:33:00.018454776Z level=info msg="Sending alerts to local notifier" count=1
logger=ngalert.sender.router rule_uid=e7339430-ed3b-47e7-9d3f-3d75b8f5d330 org_id=1 t=2025-04-29T20:34:00.017327694Z level=info msg="Sending alerts to local notifier" count=1
logger=ngalert.sender.router rule_uid=e7339430-ed3b-47e7-9d3f-3d75b8f5d330 org_id=1 t=2025-04-29T20:35:00.017429534Z level=info msg="Sending alerts to local notifier" count=1
logger=ngalert.sender.router rule_uid=e7339430-ed3b-47e7-9d3f-3d75b8f5d330 org_id=1 t=2025-04-29T20:36:00.016270571Z level=info msg="Sending alerts to local notifier" count=1
logger=ngalert.sender.router rule_uid=e7339430-ed3b-47e7-9d3f-3d75b8f5d330 org_id=1 t=2025-04-29T20:37:00.015517484Z level=info msg="Sending alerts to local notifier" count=1
logger=cleanup t=2025-04-29T20:37:16.297967045Z level=info msg="Completed cleanup jobs" duration=2.972225ms
logger=grafana.update.checker t=2025-04-29T20:37:16.576788876Z level=info msg="Update check succeeded" duration=19.284037ms
logger=plugins.update.checker t=2025-04-29T20:37:16.608414316Z level=info msg="Update check succeeded" duration=34.156883ms
logger=infra.usagestats t=2025-04-29T20:37:59.282030414Z level=info msg="Usage stats are ready to report"
logger=ngalert.sender.router rule_uid=e7339430-ed3b-47e7-9d3f-3d75b8f5d330 org_id=1 t=2025-04-29T20:38:00.015892699Z level=info msg="Sending alerts to local notifier" count=1
logger=ngalert.sender.router rule_uid=e7339430-ed3b-47e7-9d3f-3d75b8f5d330 org_id=1 t=2025-04-29T20:39:00.017333952Z level=info msg="Sending alerts to local notifier" count=1
logger=ngalert.sender.router rule_uid=e7339430-ed3b-47e7-9d3f-3d75b8f5d330 org_id=1 t=2025-04-29T20:40:00.017594633Z level=info msg="Sending alerts to local notifier" count=1
logger=ngalert.sender.router rule_uid=e7339430-ed3b-47e7-9d3f-3d75b8f5d330 org_id=1 t=2025-04-29T20:41:00.015250184Z level=info msg="Sending alerts to local notifier" count=1
logger=ngalert.sender.router rule_uid=e7339430-ed3b-47e7-9d3f-3d75b8f5d330 org_id=1 t=2025-04-29T20:42:00.016961885Z level=info msg="Sending alerts to local notifier" count=1
logger=ngalert.sender.router rule_uid=e7339430-ed3b-47e7-9d3f-3d75b8f5d330 org_id=1 t=2025-04-29T20:43:00.016333688Z level=info msg="Sending alerts to local notifier" count=1
logger=ngalert.sender.router rule_uid=e7339430-ed3b-47e7-9d3f-3d75b8f5d330 org_id=1 t=2025-04-29T20:44:00.015906239Z level=info msg="Sending alerts to local notifier" count=1
logger=ngalert.sender.router rule_uid=e7339430-ed3b-47e7-9d3f-3d75b8f5d330 org_id=1 t=2025-04-29T20:45:00.015875307Z level=info msg="Sending alerts to local notifier" count=1
logger=ngalert.sender.router rule_uid=e7339430-ed3b-47e7-9d3f-3d75b8f5d330 org_id=1 t=2025-04-29T20:46:00.015748875Z level=info msg="Sending alerts to local notifier" count=1
logger=ngalert.sender.router rule_uid=e7339430-ed3b-47e7-9d3f-3d75b8f5d330 org_id=1 t=2025-04-29T20:47:00.016044107Z level=info msg="Sending alerts to local notifier" count=1
logger=cleanup t=2025-04-29T20:47:16.297779336Z level=info msg="Completed cleanup jobs" duration=2.891667ms
logger=grafana.update.checker t=2025-04-29T20:47:16.570263194Z level=info msg="Update check succeeded" duration=12.347377ms
logger=plugins.update.checker t=2025-04-29T20:47:16.60765993Z level=info msg="Update check succeeded" duration=33.349605ms
logger=ngalert.sender.router rule_uid=e7339430-ed3b-47e7-9d3f-3d75b8f5d330 org_id=1 t=2025-04-29T20:48:00.016757936Z level=info msg="Sending alerts to local notifier" count=1
logger=ngalert.sender.router rule_uid=e7339430-ed3b-47e7-9d3f-3d75b8f5d330 org_id=1 t=2025-04-29T20:49:00.015256319Z level=info msg="Sending alerts to local notifier" count=1
logger=ngalert.sender.router rule_uid=e7339430-ed3b-47e7-9d3f-3d75b8f5d330 org_id=1 t=2025-04-29T20:50:00.016230203Z level=info msg="Sending alerts to local notifier" count=1
logger=ngalert.sender.router rule_uid=e7339430-ed3b-47e7-9d3f-3d75b8f5d330 org_id=1 t=2025-04-29T20:51:00.016550423Z level=info msg="Sending alerts to local notifier" count=1
logger=ngalert.sender.router rule_uid=e7339430-ed3b-47e7-9d3f-3d75b8f5d330 org_id=1 t=2025-04-29T20:52:00.015940036Z level=info msg="Sending alerts to local notifier" count=1
logger=ngalert.sender.router rule_uid=e7339430-ed3b-47e7-9d3f-3d75b8f5d330 org_id=1 t=2025-04-29T20:53:00.015987767Z level=info msg="Sending alerts to local notifier" count=1
logger=ngalert.sender.router rule_uid=e7339430-ed3b-47e7-9d3f-3d75b8f5d330 org_id=1 t=2025-04-29T20:54:00.016985337Z level=info msg="Sending alerts to local notifier" count=1
logger=ngalert.sender.router rule_uid=e7339430-ed3b-47e7-9d3f-3d75b8f5d330 org_id=1 t=2025-04-29T20:55:00.016495049Z level=info msg="Sending alerts to local notifier" count=1
logger=ngalert.sender.router rule_uid=e7339430-ed3b-47e7-9d3f-3d75b8f5d330 org_id=1 t=2025-04-29T20:56:00.015337039Z level=info msg="Sending alerts to local notifier" count=1
logger=ngalert.sender.router rule_uid=e7339430-ed3b-47e7-9d3f-3d75b8f5d330 org_id=1 t=2025-04-29T20:57:00.017560771Z level=info msg="Sending alerts to local notifier" count=1
logger=cleanup t=2025-04-29T20:57:16.297362259Z level=info msg="Completed cleanup jobs" duration=2.298112ms
logger=grafana.update.checker t=2025-04-29T20:57:16.57205224Z level=info msg="Update check succeeded" duration=15.048302ms
logger=plugins.update.checker t=2025-04-29T20:57:16.640365501Z level=info msg="Update check succeeded" duration=65.773473ms
logger=ngalert.sender.router rule_uid=e7339430-ed3b-47e7-9d3f-3d75b8f5d330 org_id=1 t=2025-04-29T20:58:00.016685292Z level=info msg="Sending alerts to local notifier" count=1
logger=ngalert.sender.router rule_uid=e7339430-ed3b-47e7-9d3f-3d75b8f5d330 org_id=1 t=2025-04-29T20:59:00.017623219Z level=info msg="Sending alerts to local notifier" count=1
logger=ngalert.sender.router rule_uid=e7339430-ed3b-47e7-9d3f-3d75b8f5d330 org_id=1 t=2025-04-29T21:00:00.018076466Z level=info msg="Sending alerts to local notifier" count=1
logger=ngalert.sender.router rule_uid=e7339430-ed3b-47e7-9d3f-3d75b8f5d330 org_id=1 t=2025-04-29T21:01:00.019055135Z level=info msg="Sending alerts to local notifier" count=1
logger=ngalert.sender.router rule_uid=e7339430-ed3b-47e7-9d3f-3d75b8f5d330 org_id=1 t=2025-04-29T21:02:00.019070987Z level=info msg="Sending alerts to local notifier" count=1
logger=ngalert.sender.router rule_uid=e7339430-ed3b-47e7-9d3f-3d75b8f5d330 org_id=1 t=2025-04-29T21:03:00.01652768Z level=info msg="Sending alerts to local notifier" count=1
logger=ngalert.sender.router rule_uid=e7339430-ed3b-47e7-9d3f-3d75b8f5d330 org_id=1 t=2025-04-29T21:04:00.021053802Z level=info msg="Sending alerts to local notifier" count=1
logger=ngalert.sender.router rule_uid=e7339430-ed3b-47e7-9d3f-3d75b8f5d330 org_id=1 t=2025-04-29T21:05:00.018447016Z level=info msg="Sending alerts to local notifier" count=1
logger=ngalert.sender.router rule_uid=e7339430-ed3b-47e7-9d3f-3d75b8f5d330 org_id=1 t=2025-04-29T21:06:00.019259827Z level=info msg="Sending alerts to local notifier" count=1
logger=ngalert.sender.router rule_uid=e7339430-ed3b-47e7-9d3f-3d75b8f5d330 org_id=1 t=2025-04-29T21:07:00.018376721Z level=info msg="Sending alerts to local notifier" count=1
logger=cleanup t=2025-04-29T21:07:16.301957741Z level=info msg="Completed cleanup jobs" duration=6.929024ms
logger=grafana.update.checker t=2025-04-29T21:07:16.576018912Z level=info msg="Update check succeeded" duration=18.875109ms
logger=plugins.update.checker t=2025-04-29T21:07:16.604905862Z level=info msg="Update check succeeded" duration=31.26154ms
logger=infra.usagestats t=2025-04-29T21:07:59.285617713Z level=info msg="Usage stats are ready to report"
logger=ngalert.sender.router rule_uid=e7339430-ed3b-47e7-9d3f-3d75b8f5d330 org_id=1 t=2025-04-29T21:08:00.022333482Z level=info msg="Sending alerts to local notifier" count=1
logger=ngalert.sender.router rule_uid=e7339430-ed3b-47e7-9d3f-3d75b8f5d330 org_id=1 t=2025-04-29T21:09:00.01949364Z level=info msg="Sending alerts to local notifier" count=1
logger=ngalert.sender.router rule_uid=e7339430-ed3b-47e7-9d3f-3d75b8f5d330 org_id=1 t=2025-04-29T21:10:00.0195951Z level=info msg="Sending alerts to local notifier" count=1
logger=ngalert.sender.router rule_uid=e7339430-ed3b-47e7-9d3f-3d75b8f5d330 org_id=1 t=2025-04-29T21:11:00.017742855Z level=info msg="Sending alerts to local notifier" count=1
logger=ngalert.sender.router rule_uid=e7339430-ed3b-47e7-9d3f-3d75b8f5d330 org_id=1 t=2025-04-29T21:12:00.017576476Z level=info msg="Sending alerts to local notifier" count=1
logger=ngalert.sender.router rule_uid=e7339430-ed3b-47e7-9d3f-3d75b8f5d330 org_id=1 t=2025-04-29T21:13:00.016412902Z level=info msg="Sending alerts to local notifier" count=1
logger=ngalert.sender.router rule_uid=e7339430-ed3b-47e7-9d3f-3d75b8f5d330 org_id=1 t=2025-04-29T21:14:00.015898816Z level=info msg="Sending alerts to local notifier" count=1
logger=ngalert.sender.router rule_uid=e7339430-ed3b-47e7-9d3f-3d75b8f5d330 org_id=1 t=2025-04-29T21:15:00.017544678Z level=info msg="Sending alerts to local notifier" count=1
logger=ngalert.sender.router rule_uid=e7339430-ed3b-47e7-9d3f-3d75b8f5d330 org_id=1 t=2025-04-29T21:16:00.019030966Z level=info msg="Sending alerts to local notifier" count=1
logger=ngalert.sender.router rule_uid=e7339430-ed3b-47e7-9d3f-3d75b8f5d330 org_id=1 t=2025-04-29T21:17:00.017615759Z level=info msg="Sending alerts to local notifier" count=1
logger=cleanup t=2025-04-29T21:17:16.29840335Z level=info msg="Completed cleanup jobs" duration=3.35856ms
logger=grafana.update.checker t=2025-04-29T21:17:16.574609988Z level=info msg="Update check succeeded" duration=17.20104ms
logger=plugins.update.checker t=2025-04-29T21:17:16.614294949Z level=info msg="Update check succeeded" duration=40.189217ms
logger=ngalert.sender.router rule_uid=e7339430-ed3b-47e7-9d3f-3d75b8f5d330 org_id=1 t=2025-04-29T21:18:00.017675533Z level=info msg="Sending alerts to local notifier" count=1
logger=ngalert.sender.router rule_uid=e7339430-ed3b-47e7-9d3f-3d75b8f5d330 org_id=1 t=2025-04-29T21:19:00.015863008Z level=info msg="Sending alerts to local notifier" count=1
logger=ngalert.sender.router rule_uid=e7339430-ed3b-47e7-9d3f-3d75b8f5d330 org_id=1 t=2025-04-29T21:20:00.017988964Z level=info msg="Sending alerts to local notifier" count=1
logger=ngalert.sender.router rule_uid=e7339430-ed3b-47e7-9d3f-3d75b8f5d330 org_id=1 t=2025-04-29T21:21:00.017596495Z level=info msg="Sending alerts to local notifier" count=1
logger=ngalert.sender.router rule_uid=e7339430-ed3b-47e7-9d3f-3d75b8f5d330 org_id=1 t=2025-04-29T21:22:00.015688836Z level=info msg="Sending alerts to local notifier" count=1
logger=ngalert.sender.router rule_uid=e7339430-ed3b-47e7-9d3f-3d75b8f5d330 org_id=1 t=2025-04-29T21:23:00.01643034Z level=info msg="Sending alerts to local notifier" count=1
logger=ngalert.sender.router rule_uid=e7339430-ed3b-47e7-9d3f-3d75b8f5d330 org_id=1 t=2025-04-29T21:24:00.019389468Z level=info msg="Sending alerts to local notifier" count=1
logger=ngalert.sender.router rule_uid=e7339430-ed3b-47e7-9d3f-3d75b8f5d330 org_id=1 t=2025-04-29T21:25:00.0172725Z level=info msg="Sending alerts to local notifier" count=1
logger=ngalert.sender.router rule_uid=e7339430-ed3b-47e7-9d3f-3d75b8f5d330 org_id=1 t=2025-04-29T21:26:00.016793591Z level=info msg="Sending alerts to local notifier" count=1
logger=ngalert.sender.router rule_uid=e7339430-ed3b-47e7-9d3f-3d75b8f5d330 org_id=1 t=2025-04-29T21:27:00.017474278Z level=info msg="Sending alerts to local notifier" count=1
logger=cleanup t=2025-04-29T21:27:16.300844438Z level=info msg="Completed cleanup jobs" duration=6.141799ms
logger=grafana.update.checker t=2025-04-29T21:27:16.584096435Z level=info msg="Update check succeeded" duration=27.100283ms
logger=plugins.update.checker t=2025-04-29T21:27:16.622375532Z level=info msg="Update check succeeded" duration=41.093757ms
logger=ngalert.sender.router rule_uid=e7339430-ed3b-47e7-9d3f-3d75b8f5d330 org_id=1 t=2025-04-29T21:28:00.022498724Z level=info msg="Sending alerts to local notifier" count=1
